RaceId,PoolLength,RaceEventName,AthleteGenderName,Lap1_15mElapsedTime,Jump Height (Flight Time) [cm],Peak Power / BM [W/kg]
0118aae9-93b1-40e7-86af-df7db6444c9d,50,50 m Backstroke,Men,6.04,44.648,
028b04a7-0f82-45b6-a295-325027f665e1,50,50 m Backstroke,Men,6.08,44.448,
0465b974-eb8a-40a0-97d1-01028f1130e5,50,50 m Backstroke,Men,6.17,44.248,
04ed6359-e0a1-4fcf-9bc2-fb396ac186e9,50,50 m Backstroke,Men,6.30,44.048,
05bd7804-19d7-45a2-b151-59639351e959,50,50 m Backstroke,Men,6.35,43.848,
05f426f6-48dd-47dc-8bfe-a15286313031,50,50 m Backstroke,Men,6.38,44.448,
090e62c2-cb86-48bf-8fc6-0ab99d640763,50,50 m Backstroke,Men,6.40,43.448,
0955926d-12ba-47df-ab67-50ffbfd5c52e,50,50 m Backstroke,Men,6.46,43.248,
0a5a4b0e-e8c2-45ba-9c0d-68fe84ecef1b,50,50 m Backstroke,Men,6.54,43.048,
0af40594-352c-4892-8de8-a90e3e0b6aa7,50,50 m Backstroke,Men,6.60,42.848,
0b96ebd2-f984-4a2c-ae15-57209b8e859b,50,50 m Backstroke,Men,6.62,42.648,
0d0fb58f-9d0f-42c9-accf-b22e3baac26f,50,50 m Backstroke,Men,6.62,42.448,
0d39bcbc-987d-46e6-a5a6-30f1f4261600,50,50 m Backstroke,Men,6.82,43.248,
0dd6c3cb-91d2-45e3-93ce-919ac479fc7d,50,50 m Backstroke,Men,6.90,42.048,
0ec58011-bdea-4ead-97e6-a5dee744c491,50,50 m Backstroke,Men,6.92,41.848,
0f6f69fb-3610-4a16-a29f-50775fbf969a,50,50 m Backstroke,Men,6.92,41.648,
0fe3dd20-dd83-42b5-b325-961ffc831c69,50,50 m Backstroke,Men,6.98,41.448,
10af1441-c449-4c55-8b76-bd520f1b9069,25,50 m Backstroke,Men,7.00,41.248,
009e1505-8709-4103-9e30-6be7c52e5f02,50,50 m Backstroke,Women,7.21,33.080,
01603f80-fbc0-43a1-93ac-0a890a365f5b,25,50 m Backstroke,Women,7.38,32.880,
01bf297d-0399-4ee3-b9cd-a2cb43d4436e,50,50 m Backstroke,Women,7.42,32.680,
01fe5503-4ce4-46b1-bb9b-b9cc6ec8322f,25,50 m Backstroke,Women,7.44,32.480,
02581930-cfcc-42cc-b993-1d3ad584ec09,50,50 m Backstroke,Women,7.46,32.280,
02db15d1-00ac-4fb3-a923-4f728bc17617,50,50 m Backstroke,Women,7.49,32.080,
03329426-32c0-4d56-a512-ca3e36cdd4e6,25,50 m Backstroke,Women,7.51,31.880,
03a0c92b-eed1-430f-849c-a42b630955cf,50,50 m Backstroke,Women,7.55,31.680,
03fcef8e-f096-4a08-b933-544bf8533494,50,50 m Backstroke,Women,7.60,31.480,
044ddc34-8f3e-4e2a-bff1-a971e130c694,50,50 m Backstroke,Women,7.61,31.280,
04a4b244-472f-4dc1-85d3-db8d05bbdef1,50,50 m Backstroke,Women,7.62,31.080,
053ba793-6da3-4d73-a22d-f2f517f06bec,50,50 m Backstroke,Women,7.67,30.880,
06437aab-1389-4a30-874c-dd05e17aeb07,50,50 m Backstroke,Women,7.70,30.680,
06dc060f-f5ed-4e46-b06f-65c9754c2234,50,50 m Backstroke,Women,7.72,30.480,
0744c709-af64-46a9-9436-e4e06be09e57,50,50 m Backstroke,Women,7.74,30.280,
0787890d-cb73-4d76-b6c4-28c6cc3540f1,50,50 m Backstroke,Women,7.74,30.080,
07dd2635-d520-418d-9cba-4960ce0be3e2,25,50 m Backstroke,Women,7.80,29.880,
084b9068-b1fc-41a7-a292-4fb3d4229d30,50,50 m Backstroke,Women,7.81,29.680,
09a5d7ec-6efc-4b67-bd5d-15d9c2787c8b,50,50 m Backstroke,Women,7.81,30.280,
09c4f808-1410-4f28-95bd-23342eb61524,25,50 m Backstroke,Women,7.82,29.280,
09f0dcc7-d15a-4db8-b9b8-b4fa0db6d45d,50,50 m Backstroke,Women,7.84,29.080,
0b3e748e-6800-4702-b149-b27517764b7d,50,50 m Backstroke,Women,7.86,28.880,
0c233ca3-9ad3-49c8-8c24-7ea8173bc66a,50,50 m Backstroke,Women,7.90,28.680,
0c553ecf-8bf1-4c32-9415-45ef45a03f25,25,50 m Backstroke,Women,7.92,28.480,
0d62b94e-bfbb-471e-a9f8-49265661fdc7,50,50 m Backstroke,Women,7.92,28.280,
0da54fa3-6825-47c7-b486-62d4bce71bd9,50,50 m Backstroke,Women,7.93,28.080,
0dff3d98-4a0a-4e3a-94e6-e784b91c3e3f,25,50 m Backstroke,Women,7.94,27.880,
0e30067b-a888-4285-8637-4869f48d238c,50,50 m Backstroke,Women,7.96,28.880,
0e4b760b-300e-488e-9e00-8aacd397af74,25,50 m Backstroke,Women,7.98,27.480,
0f194634-6f39-433e-8077-cb6813578ae7,25,50 m Backstroke,Women,8.02,27.280,
1003acbb-05f7-4959-ac51-86603e20c78b,25,50 m Backstroke,Women,8.10,27.080,
10f3f2f7-5251-4f6e-beae-b1e53c690115,50,50 m Backstroke,Women,8.12,26.880,
02589b91-a1bb-462d-aa79-d28d99369763,50,50 m Breaststroke,Men,6.28,59.994,
03ae9890-d3ac-49c7-9b01-7c5726ca8c3d,50,50 m Breaststroke,Men,6.34,59.744,
03fff2be-1b4b-4d44-83fb-5126140cfce6,50,50 m Breaststroke,Men,6.48,59.494,
047ec22c-8816-4e75-b527-15132f1e18bd,50,50 m Breaststroke,Men,6.5,59.244,
04a7a46d-6906-4236-a76f-45e126e4da98,50,50 m Breaststroke,Men,6.5,58.994,
054b4f64-0282-478c-8ff5-82f24c3cd9f4,25,50 m Breaststroke,Men,6.56,58.744,
0625d863-75d3-4ed6-b0b4-41f7968a44d7,50,50 m Breaststroke,Men,6.58,58.494,
06707c42-6477-4161-8de2-05c5e712810a,50,50 m Breaststroke,Men,6.58,58.244,
06e2855f-8d18-49df-81ef-dacc6ebe36ed,50,50 m Breaststroke,Men,6.6,57.994,
07dfe716-3e70-48fb-b2fc-e7b885466696,50,50 m Breaststroke,Men,6.62,57.744,
09297d3e-fb21-40d1-b99d-8b3fcaefd4b4,50,50 m Breaststroke,Men,6.62,57.494,
09aacbe1-7624-47ed-9ed2-8e24f9a65171,25,50 m Breaststroke,Men,6.62,57.244,
0a1a0756-c062-4bbf-91a1-ef5b8379f3e4,25,50 m Breaststroke,Men,6.64,56.994,
0b40059d-2c0d-457e-a38d-1dd7e10ff593,25,50 m Breaststroke,Men,6.64,56.744,
0c2fc480-f961-42d1-8f3f-9523ad88f970,50,50 m Breaststroke,Men,6.66,56.494,
0ca74865-0679-4163-84f3-cf3c9f893a9e,50,50 m Breaststroke,Men,6.68,56.244,
0d279255-b33a-4131-b36c-e120564a15e6,50,50 m Breaststroke,Men,6.72,55.994,
0d6331c5-825f-48e3-be36-ac45037a8807,50,50 m Breaststroke,Men,6.72,55.744,
0da61b0e-8f65-46f5-8988-bd1872cf7a8d,50,50 m Breaststroke,Men,6.74,56.744,
0deaf256-9724-44a8-8e2c-859a47511cf5,50,50 m Breaststroke,Men,6.76,55.244,
0e00933e-e959-48ee-b2ed-7d46d24b507e,50,50 m Breaststroke,Men,6.76,57.744,
0e32efe8-355d-4557-9441-fc2cfa091e14,50,50 m Breaststroke,Men,6.78,54.744,
0e6ab365-6664-4dd8-a24e-290d715737ad,50,50 m Breaststroke,Men,6.82,54.494,
0f202188-f2f7-494f-a19f-a7d0f2a13f73,50,50 m Breaststroke,Men,6.87,54.244,
0f892daa-8cdb-4019-9673-895270266e60,50,50 m Breaststroke,Men,6.88,53.994,
0fe77d28-396c-43a3-b352-15a3ea1fd791,50,50 m Breaststroke,Men,6.94,53.744,
10041911-b4db-4102-8825-6af8e6bd026b,50,50 m Breaststroke,Men,6.96,53.494,
003223f3-ae33-4dba-8fc9-365f7356ac4f,25,50 m Breaststroke,Women,6.88,48.522,
00c56931-1e8d-438e-a2e1-86573d83878a,50,50 m Breaststroke,Women,6.92,48.352,
01274122-97af-4c02-92aa-d61c567051d8,50,50 m Breaststroke,Women,6.96,44.782,
0173de2d-acea-4308-af7c-1df4e8f6228d,50,50 m Breaststroke,Women,6.98,48.012,
01ec30f3-e0e9-4361-b54c-75b09cf08f22,50,50 m Breaststroke,Women,7.10,47.842,
02159af2-fb83-46c4-af68-e3556ee16961,25,50 m Breaststroke,Women,7.12,47.672,
028de734-7c33-4a33-87c2-b72c06f90b25,50,50 m Breaststroke,Women,7.22,47.502,
02e21ff2-311d-4dfd-ad4a-f4c9174c64cd,50,50 m Breaststroke,Women,7.28,47.332,
03449f25-8d46-4999-bd73-b2bd28ca78ef,50,50 m Breaststroke,Women,7.38,47.162,
044edd3b-04b9-42db-b6c2-2ea4bf0c1987,50,50 m Breaststroke,Women,7.40,46.992,
04f60fbb-4a40-4a1e-a17f-47ba6f9860f5,25,50 m Breaststroke,Women,7.54,46.822,
05be0969-db8d-47b8-bd0a-21a5bcc4c236,50,50 m Breaststroke,Women,7.62,46.652,
074cbde5-4772-4dd5-844c-65b9c8846037,50,50 m Breaststroke,Women,7.70,46.482,
07919602-df01-4612-91f8-e7dc421ed064,50,50 m Breaststroke,Women,7.74,46.312,
0862c3b3-0fb4-4daa-bb05-e17377a4bbe1,50,50 m Breaststroke,Women,7.74,46.142,
096758e7-180c-463a-948c-ceff49e3598e,50,50 m Breaststroke,Women,7.85,45.972,
09c6ca14-9c03-4e65-8682-f86d4019fd07,50,50 m Breaststroke,Women,7.85,45.802,
0a7cf1d8-e7b1-4856-8009-31b3f2133c53,50,50 m Breaststroke,Women,7.86,45.632,
0af749c0-6377-467e-bfe8-c225ef228d48,50,50 m Breaststroke,Women,7.92,45.462,
0bbe97ad-e60b-4401-a5e8-d57e453c9447,50,50 m Breaststroke,Women,7.92,46.142,
0d43d0b8-1e33-4282-a253-13697c5ad0b4,50,50 m Breaststroke,Women,7.94,45.122,
0ef568e7-a33d-45b6-9cd4-5b0b26309037,50,50 m Breaststroke,Women,8.04,44.952,
10ca0350-c8e2-4596-b8e0-586afa2ef65a,50,50 m Breaststroke,Women,8.16,44.782,
0066b686-e4f1-414e-b79d-31bbbf61ef55,50,50 m Butterfly,Men,5.42,45.405,
00c5aabf-1033-4493-84ee-76085f2311ff,50,50 m Butterfly,Men,5.54,45.105,
013209f2-1238-4c89-be32-7eac8d94dd38,50,50 m Butterfly,Men,5.58,44.805,
01edaa3f-5985-4a80-ab94-a7f7d05e716d,50,50 m Butterfly,Men,5.6,44.505,
0216ca30-7562-4da2-b252-ccacf78b7c25,50,50 m Butterfly,Men,5.62,44.205,
02b0bd02-7076-4c36-aeba-dd1ac995c8df,50,50 m Butterfly,Men,5.68,43.905,
032736d1-4455-41fc-ba58-37a1c021d57c,50,50 m Butterfly,Men,5.7,43.605,
03bba7cd-307d-47cc-a056-c887c3debe5a,50,50 m Butterfly,Men,5.72,43.305,
0464e3fc-33aa-4b14-a337-8ade903cfade,50,50 m Butterfly,Men,5.76,43.005,
04c4b193-c922-43d5-8828-f6423bee1242,25,50 m Butterfly,Men,5.77,42.705,
06c2df16-f24c-4908-b6f7-da8263427820,50,50 m Butterfly,Men,5.78,42.405,
07669f89-1f44-449f-af46-f2ca5983e2c9,50,50 m Butterfly,Men,5.78,42.105,
07a58777-2589-4ab8-8f4a-f20aa2af4fee,25,50 m Butterfly,Men,5.8,41.805,
07e84a43-2bce-4b08-a5d1-b1495c9daf6c,50,50 m Butterfly,Men,5.82,41.505,
0882dc97-ec0f-47b1-9dbc-1560e1d3500a,25,50 m Butterfly,Men,5.84,41.205,
093e8b35-d4eb-490b-bd81-e1815e4d680a,50,50 m Butterfly,Men,5.86,40.905,
09d4d8d5-4732-47f4-8e3a-deb639f0dace,50,50 m Butterfly,Men,5.9,40.605,
0b0a6952-0dcb-4011-9844-485d19b889a3,50,50 m Butterfly,Men,5.92,40.305,
0cf54859-1eda-4479-9f2e-4f4ef5583238,50,50 m Butterfly,Men,5.94,40.005,
0df3699d-9104-4e36-a799-8a849f80e223,50,50 m Butterfly,Men,5.98,39.705,
0e066004-f369-49a8-a42d-e4dff1626155,50,50 m Butterfly,Men,6,39.405,
0e977e64-d9e4-401a-8153-a15c70abc373,50,50 m Butterfly,Men,6.02,39.105,
0ef66f58-7b58-4848-953c-87292a769bc7,50,50 m Butterfly,Men,6.14,38.805,
0f959c37-ba97-4635-b092-5a23ae1516df,50,50 m Butterfly,Men,6.16,38.505,
0181a6f2-31cd-4bf5-995e-d9c7265a89d2,25,50 m Butterfly,Women,6.38,43.992,
0258e66b-86a4-478b-bc32-16159d0c6812,50,50 m Butterfly,Women,6.4,43.762,
0344c074-3c8e-4464-a7ab-25d22f7c1ac1,25,50 m Butterfly,Women,6.42,43.532,
04095ef7-7df0-4804-8637-4028d5faae1c,50,50 m Butterfly,Women,6.44,43.302,
04876438-d5c3-4a4c-b9ba-e8c113d4e28f,50,50 m Butterfly,Women,6.48,43.072,
04fb8389-8b00-45a1-a154-690076adfc4f,50,50 m Butterfly,Women,6.5,42.842,
055f0fe3-a0d0-4c9b-a022-c460902a004e,50,50 m Butterfly,Women,6.54,42.612,
05df3c40-4014-4a34-b51a-0b7e3f5c3a49,50,50 m Butterfly,Women,6.56,42.382,
0630e9f5-b36e-4d63-8262-d42eb840a2bc,50,50 m Butterfly,Women,6.56,42.152,
06f59580-29bb-4add-afcc-c5fd0eb13887,50,50 m Butterfly,Women,6.58,41.922,
0980070c-6530-44d0-9c41-d8d8d3807b5b,50,50 m Butterfly,Women,6.58,41.692,
09bac1eb-63fe-4867-9fca-1e1c6386c86f,50,50 m Butterfly,Women,6.62,41.462,
0a38d665-2c9a-42a4-9ae4-01d9e6f4f169,50,50 m Butterfly,Women,6.64,41.232,
0a991e62-4508-4590-a37f-2bd07ccf6475,50,50 m Butterfly,Women,6.66,41.002,
0b71437d-5a6e-4bbe-8b49-83020c231ee5,50,50 m Butterfly,Women,6.66,40.772,
0beab338-4305-4fde-ac43-acaaa036c849,50,50 m Butterfly,Women,6.7,40.542,
0c490f0b-1380-49cc-92e9-d0ebe730cade,50,50 m Butterfly,Women,6.7,40.312,
0d297dd7-9fc0-41f1-b1a3-927381ec15fc,50,50 m Butterfly,Women,6.7,40.082,
0d5f0856-68e6-4cac-92c3-2abeb2747328,50,50 m Butterfly,Women,6.78,39.852,
0d756839-afaf-4c5c-bc2f-1e47a9e3a08b,50,50 m Butterfly,Women,6.82,39.622,
0dc1e7a4-fdfd-435e-bd67-ed2df36637a6,50,50 m Butterfly,Women,6.84,39.392,
0e33837e-3745-40a0-9470-926ef0b912d0,25,50 m Butterfly,Women,6.86,39.162,
0f21ecb2-27f6-43ab-9282-67c1adb4293b,50,50 m Butterfly,Women,6.9,38.932,
0feb5556-ad16-427c-abef-d07f0681926e,50,50 m Butterfly,Women,6.98,38.702,
10309241-2cb9-4bb3-8af6-9921392f2037,25,50 m Butterfly,Women,7.08,38.472,
10e3cd5a-024f-446a-b472-54776b07ce7f,50,50 m Butterfly,Women,7.14,38.242,
00721f02-0a18-4031-bdc8-bdad872a41b2,50,50 m Freestyle,Men,5.18,55.244,
014a3e66-b7dc-4c3e-a9ae-d9208385fc13,50,50 m Freestyle,Men,5.22,55.012,
01bbb69c-b85f-4e7f-aa52-de3167d10dee,50,50 m Freestyle,Men,5.22,54.780,
01f7425e-0146-4e26-9eb4-203e39dfee97,50,50 m Freestyle,Men,5.26,54.548,
023f6dd7-d96e-4cf1-ae54-3f25d900c025,25,50 m Freestyle,Men,5.34,54.316,
02d54fc0-56a0-414b-a6be-72199edd358a,50,50 m Freestyle,Men,5.48,54.084,
037ebde8-c0a1-4ed5-8c26-40c4bba3ff71,50,50 m Freestyle,Men,5.52,53.852,
043a4cb3-8d4d-439d-bbd5-f6e9aca8ac81,50,50 m Freestyle,Men,5.52,53.620,
04977dc5-9288-4a82-8ace-438f04720013,25,50 m Freestyle,Men,5.54,53.388,
050d20a4-76ac-461a-ad8d-2b5c3afe28e7,50,50 m Freestyle,Men,5.56,53.156,
05a132ea-74a0-4e83-ac97-d2ca397237e0,50,50 m Freestyle,Men,5.56,52.924,
06363399-2973-4872-9919-d8ad10eefe60,50,50 m Freestyle,Men,5.58,52.692,
06d78e8b-7cc3-4567-ad16-3abee3f5ee26,50,50 m Freestyle,Men,5.60,52.460,
073ff983-757d-4e63-9261-8dbb0a04a92a,50,50 m Freestyle,Men,5.60,52.228,
077a764c-a530-46ec-bed5-9636004fc4a0,50,50 m Freestyle,Men,5.60,51.996,
07ac8b4b-2d86-45d7-ad7b-46b32debef50,50,50 m Freestyle,Men,5.20,51.764,
0985a38f-80b8-40d1-9145-06576f735e79,50,50 m Freestyle,Men,5.66,51.532,
09bffefd-fa14-4596-bb72-d42bff91c76c,50,50 m Freestyle,Men,5.68,51.300,
09e3b85f-c497-4eb6-ba2e-64034d09b9c0,25,50 m Freestyle,Men,5.78,51.068,
0a543db1-51ec-4f6e-b334-8a50fde5ed1c,50,50 m Freestyle,Men,5.78,50.836,
0b2baf65-d467-410b-8be1-5190e7ae6b2d,50,50 m Freestyle,Men,5.80,50.604,
0b859548-ff5f-4ec3-a1ad-54e9176601ed,50,50 m Freestyle,Men,5.82,50.372,
0c1c2457-5191-4440-b105-de881cb26bd4,50,50 m Freestyle,Men,5.82,50.140,
0c4ea335-efc2-476c-a7f3-41e336702909,50,50 m Freestyle,Men,5.84,49.908,
0d336e71-16f3-4d74-8511-c37a93cbdcd0,50,50 m Freestyle,Men,5.86,49.676,
0d60c338-68c9-4fb6-8e43-3097982612d5,50,50 m Freestyle,Men,5.90,49.444,
0da01d60-6f24-40ae-9b12-3c1e222491e7,50,50 m Freestyle,Men,5.90,49.212,
0e1dfc2a-a574-4467-9fbc-806f9bebcc45,50,50 m Freestyle,Men,5.92,48.980,
0e3fd851-110e-4973-9a98-ac3d8a269733,25,50 m Freestyle,Men,5.92,48.748,
10ac08c0-510c-4ad5-9873-9e634e883d03,50,50 m Freestyle,Men,5.94,48.516,
10f1977f-f668-48ad-8da0-9e9a5697f54c,50,50 m Freestyle,Men,5.94,48.284,
00efb105-91d1-4e7b-a383-16b7d93d4227,50,50 m Freestyle,Women,6.44,44.126,
0284942e-dc5e-444b-9012-d2524cd4d20b,50,50 m Freestyle,Women,6.5,43.724,
032b15b9-dba3-4955-9581-5305f1534c1a,50,50 m Freestyle,Women,6.54,43.322,
03e3f848-3be6-49e6-b935-447847ef7a9f,50,50 m Freestyle,Women,6.54,42.920,
046545d4-a73a-4115-b684-6432b8b7b086,50,50 m Freestyle,Women,6.56,42.518,
04cec2d3-a21f-479a-bce2-1c03dafc7180,25,50 m Freestyle,Women,6.58,42.116,
05e85417-662f-41a2-b89b-1346cc159196,50,50 m Freestyle,Women,6.6,41.714,
0838c246-1384-4114-b29f-afab5bff0b89,50,50 m Freestyle,Women,6.62,41.312,
089844aa-fec7-4084-9a2d-c342661c12dc,50,50 m Freestyle,Women,6.66,40.910,
094c4526-2efb-484b-87a5-5105c6df72da,50,50 m Freestyle,Women,6.68,40.508,
0abbe5bc-b65a-43ec-ad66-16b0dc531d1e,50,50 m Freestyle,Women,6.68,40.106,
0d0110e6-1866-430a-9935-4c2b8c1a6a33,50,50 m Freestyle,Women,6.7,39.704,
0dd0b3c6-8109-485b-bbf8-cfebc00462a2,50,50 m Freestyle,Women,6.74,39.302,
0dfd331a-f43d-439f-b2e1-8ca5e4be7951,50,50 m Freestyle,Women,6.8,38.900,
0ea8a4b7-18ba-446e-b717-8a427ebe4945,50,50 m Freestyle,Women,6.82,38.498,
0f0ad740-727d-4b1c-834f-5dbfe6daf2dd,50,50 m Freestyle,Women,6.84,38.096,
0f623b5d-2d5d-4613-b312-2d884979b0be,50,50 m Freestyle,Women,6.88,37.694,
0fceaac2-cf87-46d8-9f1a-01bce2d77e79,50,50 m Freestyle,Women,6.92,37.292,
0ff08570-f9e9-4102-9296-5a6ec6b8f35a,50,50 m Freestyle,Women,7.68,32.198,
e32dfd7f-a5f1-4bb1-ba22-c19756fa42b2,50,100 m Backstroke,Men ,6.18,44.548,
e8180804-3dd4-4690-942f-4f174e339108,50,100 m Backstroke,Men ,6.36,44.395,
ee69c4ce-332a-4104-b06f-2b77165387d6,50,100 m Backstroke,Men ,6.36,44.242,
f8c11f3a-5c60-406c-b09e-4bc5b26822a9,50,100 m Backstroke,Men ,6.42,44.089,
fc22803c-aa6e-432a-a7cc-b637e3ead072,50,100 m Backstroke,Men ,6.42,43.936,
fcd266d2-ed45-46a9-b647-0e837a39e043,50,100 m Backstroke,Men ,6.42,43.783,
fd6e7958-c6f6-41b1-8a3c-1b1f594d0335,50,100 m Backstroke,Men ,6.46,43.630,
01f7425e-0146-4e26-9eb4-203e39dfee97,50,100 m Backstroke,Men ,6.48,43.477,
053ba793-6da3-4d73-a22d-f2f517f06bec,50,100 m Backstroke,Men ,6.48,43.324,
07919602-df01-4612-91f8-e7dc421ed064,50,100 m Backstroke,Men ,6.48,43.171,
0bbe97ad-e60b-4401-a5e8-d57e453c9447,50,100 m Backstroke,Men ,6.5,43.018,
0d62b94e-bfbb-471e-a9f8-49265661fdc7,50,100 m Backstroke,Men ,6.54,42.865,
128a37da-bdac-4129-b462-7085bc7410cd,50,100 m Backstroke,Men ,6.54,42.712,
1b028289-c0c9-4a9f-8b0d-2ac19cb1b967,50,100 m Backstroke,Men ,6.56,42.559,
1bef3264-9ba4-4811-8156-247285e6b3d6,50,100 m Backstroke,Men ,6.56,42.406,
1c4bd205-451b-4e2c-ac28-05a8e95538a3,50,100 m Backstroke,Men ,6.58,42.253,
213aa03a-bba0-4002-b297-77e8edb3e13f,50,100 m Backstroke,Men ,6.68,42.100,
2340898c-ad47-4496-ac7a-75d06cdc7fad,25,100 m Backstroke,Men ,6.7,41.947,
271af8b6-ab72-4464-bdc3-20f856e9b04b,50,100 m Backstroke,Men ,6.7,41.794,
3319034e-f5cc-4f59-8dcc-5aff16f049ef,25,100 m Backstroke,Men ,6.78,41.641,
3a8fe3c9-e4a7-4f78-8e4b-6d5f0aac2e85,50,100 m Backstroke,Men ,6.8,41.488,
3b2c54a9-52f6-4fb2-b9f6-b95d42c9ca8c,25,100 m Backstroke,Men ,6.8,41.335,
3f8ebd2c-ad34-4ecf-a5cf-e3a72413ebeb,50,100 m Backstroke,Men ,6.8,41.182,
40151da7-2fe5-48d8-ab8c-92ed53bee1b5,50,100 m Backstroke,Men ,7.06,41.029,
405d043c-fde8-4b45-a64f-b95f57b84250,25,100 m Backstroke,Men ,7.06,40.876,
47de3458-c881-4421-9563-7b344a190c8c,50,100 m Backstroke,Men,7.36,40.723,
4c3cd24e-125d-42e0-8f96-e1703b82b934,50,100 m Backstroke,Women,7.2,36.874,
4cf8786e-33f9-4165-9aae-c645047da0a5,50,100 m Backstroke,Women,7.26,37.618,
543591ac-41c9-4dae-a891-cd3d1ffc87bf,50,100 m Backstroke,Women,7.32,37.246,
543651f6-d5f3-4edf-87ac-a62fb79bfc9d,50,100 m Backstroke,Women,7.34,36.874,
5c7e622e-5329-4df2-b237-e6aa2b7db6cd,50,100 m Backstroke,Women,7.38,36.502,
65606d9c-dd2d-4d57-81b5-0240c5e05927,50,100 m Backstroke,Women,7.42,36.130,
751497b2-ced7-42ac-93c4-b47429ef3d58,50,100 m Backstroke,Women,7.52,35.758,
7680f20a-09cf-4ab8-a01f-8114c7854791,50,100 m Backstroke,Women,7.52,36.130,
77eeb5c3-f5d3-4bcc-92c2-8c0c34f4956c,25,100 m Backstroke,Women,7.52,35.014,
7a492794-107d-4956-866c-c104c75e9b8d,50,100 m Backstroke,Women,7.58,34.642,
7db99d25-c3b8-4e8b-bce8-a7cb4143dbf8,50,100 m Backstroke,Women,7.64,34.270,
7de8da04-790e-40f8-a4b5-35daee1ed431,25,100 m Backstroke,Women,7.7,33.898,
7f0e75a2-3523-4513-808c-96097f1917b8,50,100 m Backstroke,Women,7.7,33.526,
84b2e3c9-b771-49eb-b048-1ef6e917d106,50,100 m Backstroke,Women,7.78,30.178,
84d3bbd3-ce0d-4b36-855b-a36c91e5ea97,50,100 m Backstroke,Women,7.86,32.782,
9718f63d-a61f-40f2-9725-54c587b930f0,25,100 m Backstroke,Women,7.9,32.410,
a8d123c2-8bca-47a8-bddf-22577c318eb4,50,100 m Backstroke,Women,7.92,35.758,
ade8a096-410a-4e94-9c43-b83303e692fb,50,100 m Backstroke,Women,7.98,31.666,
b1949e35-5929-4716-aa11-1a8b8687b8be,25,100 m Backstroke,Women,7.98,31.294,
b70d6a17-44f3-4fa7-9f6c-760b4b99e406,50,100 m Backstroke,Women,8,30.922,
c1abd989-5f21-4449-81e1-56be8d534ef6,25,100 m Backstroke,Women,8.02,30.550,
d2450bd3-92d7-4459-9c56-be9e7071bc58,25,100 m Backstroke,Women,8.06,30.178,
d744980e-fbc8-4f5d-9c3d-1d4c7fc8f647,25,100 m Backstroke,Women,8.06,29.806,
d80385c5-6218-4b6d-88d1-793c89db396d,50,100 m Backstroke,Women,8.14,29.434,
d80624a3-f634-4a6e-bbba-219904f8d2d7,50,100 m Breaststroke,Women,7.5,49.552,
d97d972d-c23b-4945-9d28-7ee0badb9b2c,50,100 m Breaststroke,Women,7.52,49.314,
dac04eb4-527e-4f87-86fb-da65074b8fe4,50,100 m Breaststroke,Women,7.52,49.552,
e4ed3ef3-213c-4a55-9148-c4c38e97e2bb,50,100 m Breaststroke,Women,7.54,48.838,
eac9f2f5-372b-4061-bee7-bbc926546bbf,50,100 m Breaststroke,Women,7.58,48.600,
ebb8df62-e972-4494-9d3d-5531a435f6c3,25,100 m Breaststroke,Women,7.6,48.362,
f6a2de90-1977-4774-b627-843c8b1b5786,50,100 m Breaststroke,Women,7.6,48.124,
fb2ec11c-14bb-429b-9424-777802414e9a,50,100 m Breaststroke,Women,7.64,47.886,
fc20f94e-47da-43de-b2d6-6dff1a4907af,50,100 m Breaststroke,Women,7.64,47.648,
02589b91-a1bb-462d-aa79-d28d99369763,50,100 m Breaststroke,Women,7.68,47.410,
03449f25-8d46-4999-bd73-b2bd28ca78ef,50,100 m Breaststroke,Women,7.68,47.172,
09e3b85f-c497-4eb6-ba2e-64034d09b9c0,25,100 m Breaststroke,Women,7.68,46.934,
0b0a6952-0dcb-4011-9844-485d19b889a3,25,100 m Breaststroke,Women,7.72,46.696,
1486c310-90b1-4a49-8954-a613327ad733,25,100 m Breaststroke,Women,7.76,46.458,
168830e0-fa86-4988-8ff2-3eedab8bc545,50,100 m Breaststroke,Women,7.78,44.316,
16feb728-5a93-4737-88c3-730cb37bc6f3,50,100 m Breaststroke,Women,7.8,48.124,
192bcfb2-d0a1-4ee1-b31a-03b437244fe1,50,100 m Breaststroke,Women,7.82,45.744,
19e05ec1-6a1b-40ee-b11f-5470952107fb,50,100 m Breaststroke,Women,7.88,45.506,
1c4e22f0-a4a9-4771-bb88-2e1fbb395220,50,100 m Breaststroke,Women,7.88,45.268,
1e76e593-04b9-4e2a-bf96-6e2c1424e63b,50,100 m Breaststroke,Women,7.9,45.030,
1e78eac3-3d83-41ab-9347-1e7ef1e4fa7a,50,100 m Breaststroke,Women,7.92,45.982,
21346709-414d-4ba4-bd0b-a4d53eb13fd4,50,100 m Breaststroke,Women,7.96,44.792,
21a67653-4f93-4a35-b5ba-9fa9baf6e56b,50,100 m Breaststroke,Women,8.04,44.554,
2285cfca-807e-41a8-91b5-701782dc7bef,50,100 m Breaststroke,Men ,6.54,58.126,
22ffe4b9-60fd-4fd6-9207-64992b1d1dac,50,100 m Breaststroke,Men ,6.62,57.895,
2434a6e3-b014-4d89-b870-4427c20f7c98,50,100 m Breaststroke,Men ,6.64,57.664,
290c8517-9bb1-46b7-b049-a0edc0855853,50,100 m Breaststroke,Men ,6.64,57.433,
29c0710d-ebc6-4bdf-b4aa-b53b05d5a669,25,100 m Breaststroke,Men ,6.66,57.202,
2d27fb2b-1a47-4f95-b923-0b3243d23f15,50,100 m Breaststroke,Men ,6.68,56.971,
3051ecad-83da-4a71-b9cb-c1fe1a5b89d0,50,100 m Breaststroke,Men ,6.7,56.740,
374f39ee-2baf-45bd-b626-060acad537d7,50,100 m Breaststroke,Men ,6.7,56.509,
3e25bb69-6646-4654-89c6-cafb92776d00,50,100 m Breaststroke,Men ,6.7,56.278,
3fe8c68f-afb5-49e1-b7dc-be4e93f5b2fc,25,100 m Breaststroke,Men ,6.74,56.047,
40d8f7c2-ecff-4d04-bb76-1bddab3703bc,50,100 m Breaststroke,Men ,6.76,55.816,
44d31f2e-3556-4bf2-b20e-6dc29d87543f,50,100 m Breaststroke,Men ,6.78,55.585,
460b7869-2a76-41d6-8195-9c02eea07f03,50,100 m Breaststroke,Men ,6.8,55.354,
473b02b3-f6c5-4509-8f78-d681fa625f57,50,100 m Breaststroke,Men ,6.82,55.123,
4cafd337-44a6-407d-a8f4-c209be330f8c,25,100 m Breaststroke,Men ,6.82,54.892,
4db58d6d-5093-4dc0-a796-b6320164d4b9,50,100 m Breaststroke,Men ,6.88,54.661,
4f8527b7-fbe5-47ad-9f2a-d808db91e4fa,50,100 m Breaststroke,Men ,6.9,54.430,
50d79495-5840-4df4-be87-f202727eb07c,50,100 m Breaststroke,Men ,6.96,54.199,
543ddaa5-9652-43df-a4cd-2f39cec066bc,50,100 m Breaststroke,Men ,6.96,53.968,
54e9e0bd-b12e-4cfc-bbf7-c0a4097b8651,50,100 m Breaststroke,Men ,7.04,53.737,
56fcd0da-7162-47c5-a995-32fb6aea828b,50,100 m Breaststroke,Men ,7.08,53.506,
57d2eb99-3dcb-4ac0-94ae-953b725a1f5b,50,100 m Breaststroke,Men ,7.08,53.275,
58bc8673-d775-4801-b98d-359a46623b1a,50,100 m Breaststroke,Men ,7.08,53.044,
5c257ab0-adf4-41c6-a947-25a034511bd7,50,100 m Breaststroke,Men ,7.1,52.813,
5f9be838-bf24-49f2-8a03-bb378484fb70,50,100 m Breaststroke,Men ,7.12,52.582,
61579b91-a1be-4f79-8e96-d5457df5bbe6,50,100 m Breaststroke,Men ,7.16,52.351,
61a3f467-f00c-436c-ab6a-f4b837cef2de,50,100 m Breaststroke,Men ,7.3,52.120,
640ccf65-288d-46b8-b904-aa90429b0faa,50,100 m Butterfly,Men ,5.54,41.770,
68c54901-9a9c-4a4e-9833-1de64d20999f,50,100 m Butterfly,Men ,5.54,43.990,
69bdddb2-c54a-418e-9fb9-6b8d5208c0e4,50,100 m Butterfly,Men ,5.56,43.768,
6b9fff6b-127d-4430-8553-afc17d5c593b,50,100 m Butterfly,Men ,5.7,43.546,
6d3236b3-111e-45c3-a3ed-2be1e589661e,50,100 m Butterfly,Men ,5.8,43.324,
6e8c5a7b-d5e3-4d90-843e-38b87351f16b,50,100 m Butterfly,Men ,5.82,41.770,
7666cdb5-ac16-48ea-a2d8-cb392183990e,50,100 m Butterfly,Men ,5.84,42.880,
7e709117-1ae6-45dc-954e-b03f0d97394d,50,100 m Butterfly,Men ,5.86,42.658,
7fcd9e38-50f5-4f77-aba4-fbbff54ef61b,50,100 m Butterfly,Men ,5.86,42.436,
81ace696-0805-43e0-b0c0-8ae20872c2ad,25,100 m Butterfly,Men ,5.88,43.990,
85c0f7a5-ae9b-4d01-8a3e-780ef626bda4,50,100 m Butterfly,Men ,5.9,41.992,
870264b8-f432-4be9-9f94-ae8df46c8388,50,100 m Butterfly,Men ,5.94,41.770,
8a709078-99ce-49a2-a78e-83b530ed66f5,25,100 m Butterfly,Men ,5.94,41.548,
8fa6f4d7-a220-434c-92d2-90728f1a84c2,50,100 m Butterfly,Men ,5.94,42.214,
97a32633-73e5-4d15-916a-076fad929180,25,100 m Butterfly,Men ,5.94,41.104,
9aad66c3-5763-44f9-a86a-99b6e1f886c6,50,100 m Butterfly,Men ,5.96,40.882,
9daa7969-21e5-4198-b6ba-f691a27dcd95,50,100 m Butterfly,Men ,5.98,40.660,
9e3510e0-9749-47dc-9e5e-e933a384c5f7,50,100 m Butterfly,Men ,5.98,40.438,
9f12e073-d19a-46c1-947b-c5cdfc18264f,50,100 m Butterfly,Men ,6.00,39.328,
a251109a-45f6-4b9f-9825-6cd9766adf93,50,100 m Butterfly,Men ,6.00,39.994,
a65a8b4f-36a8-4d92-b8da-ac6fb3f39979,50,100 m Butterfly,Men ,6.04,40.660,
a984a970-b85c-4d6a-9c98-73f66f47e6e2,50,100 m Butterfly,Men ,6.08,39.550,
a9c4fa13-9780-484c-bd5a-1e62365ac64b,50,100 m Butterfly,Men ,6.16,39.328,
ac99d451-c39f-42f3-8667-9b04d6ad17d2,50,100 m Butterfly,Women,6.46,43.598,
b165d1fa-1325-43fd-95c2-43033efb71be,25,100 m Butterfly,Women,6.48,43.396,
b4a8694b-1036-4299-ae22-d4bb09cd784b,50,100 m Butterfly,Women,6.54,43.194,
b6c9cc8d-5b47-4e80-b28e-57d5b922a02a,25,100 m Butterfly,Women,6.58,42.992,
b6ca1cce-c8d6-4165-b75f-309afbd36227,50,100 m Butterfly,Women,6.62,42.790,
b709057e-2b3e-4ff6-be3c-e38c35e6f679,50,100 m Butterfly,Women,6.68,42.588,
c252bc88-f2b3-4725-a4ce-9a8219057407,50,100 m Butterfly,Women,6.68,42.386,
c31eefb1-9ada-4964-9ea1-3a798d3382f9,50,100 m Butterfly,Women,6.7,42.184,
c607622e-e7b8-42da-b544-c84b8fc72a61,50,100 m Butterfly,Women,6.72,41.982,
ca4e8ce0-084d-41e6-993c-68cee44e80a1,50,100 m Butterfly,Women,6.72,41.780,
cc924d0c-3388-43d1-999e-7f062319e406,50,100 m Butterfly,Women,6.74,41.578,
cd8d814d-4614-4dfd-9e8e-14f35d9d2bb5,50,100 m Butterfly,Women,6.76,41.376,
dace1742-063e-4cf1-a4f8-afe837199bdf,50,100 m Butterfly,Women,6.76,41.174,
e92dda0d-513c-4c27-b9c6-f0770e07b9dc,50,100 m Butterfly,Women,6.76,40.972,
e92ef349-6d9b-4ca4-9215-8b942b069677,50,100 m Butterfly,Women,6.76,40.770,
eaa0025f-f20a-4483-b881-bb9b13822e33,50,100 m Butterfly,Women,6.8,40.568,
eca61753-1e12-42fa-8e13-86d523dbae0e,50,100 m Butterfly,Women,6.84,40.366,
f4364175-b50e-4e72-9726-8e359c56403f,50,100 m Butterfly,Women,6.84,40.164,
f6a98b68-a3ca-4a21-9d86-204e3f94f6a8,50,100 m Butterfly,Women,6.86,39.962,
f7806e94-bdd4-4f2f-aab8-f3cad950f70b,50,100 m Butterfly,Women,6.9,39.760,
f7acc099-3376-49c9-a0fe-5af7ecb18dcf,50,100 m Butterfly,Women,6.92,39.558,
fdbd0439-273b-4c32-8c13-cb345ab5c37c,50,100 m Butterfly,Women,6.94,39.356,
03fff2be-1b4b-4d44-83fb-5126140cfce6,25,100 m Butterfly,Women,6.94,39.154,
077a764c-a530-46ec-bed5-9636004fc4a0,50,100 m Butterfly,Women,6.94,38.952,
07dfe716-3e70-48fb-b2fc-e7b885466696,50,100 m Butterfly,Women,7.02,38.750,
09c4f808-1410-4f28-95bd-23342eb61524,25,100 m Butterfly,Women,7.12,38.548,
0f202188-f2f7-494f-a19f-a7d0f2a13f73,50,100 m Butterfly,Women,7.12,38.346,
10f7e187-e4fc-4377-ab15-aae85d8780a8,50,100 m Freestyle,Men ,5.56,48.500,
1149963e-958b-427e-963c-34452ee6f92f,50,100 m Freestyle,Men ,5.56,46.535,
13217c0c-e9dd-4a8a-b98a-d4decaaa3f1c,50,100 m Freestyle,Men ,5.58,48.238,
175939f7-4d5b-4efb-a3d3-296f76144b6a,50,100 m Freestyle,Men ,5.62,48.107,
1ad82d0d-b851-43b8-a255-f3f5edd0302e,25,100 m Freestyle,Men ,5.64,47.976,
2269843f-d23b-4d6a-a7f9-13bccc0e651f,50,100 m Freestyle,Men ,5.66,47.845,
235174ff-daf8-436c-ae98-3ddf890d0028,50,100 m Freestyle,Men ,5.66,47.714,
251130f7-67fd-4088-9083-bb429aee6238,50,100 m Freestyle,Men ,5.68,46.535,
27175ff3-168e-40f0-81e2-a5c0c7aacddd,25,100 m Freestyle,Men ,5.68,47.452,
2a2c5351-b9a6-4ecb-bfc8-45ee043806ba,50,100 m Freestyle,Men ,5.7,48.107,
2a982f25-92bf-46e3-a07b-ba6cf7507107,50,100 m Freestyle,Men ,5.72,47.190,
2b54b705-3dc6-4364-a714-9b42581ad63a,50,100 m Freestyle,Men ,5.72,47.059,
2fecf2e1-54fb-413c-84b7-f90b37ad6f11,50,100 m Freestyle,Men ,5.72,46.928,
33b4efbc-dee2-43df-bfe8-247d0caa4884,50,100 m Freestyle,Men ,5.74,46.797,
37211f3c-9b44-4866-ae75-72a32bdffa81,50,100 m Freestyle,Men ,5.76,46.666,
476ee823-b2de-4a57-9694-c987772c0b4c,50,100 m Freestyle,Men ,5.76,46.535,
4b5a7650-e8a4-4fde-8bf7-fcb7e70609e4,50,100 m Freestyle,Men ,5.8,46.404,
4cf5de06-9ca5-4104-b032-5218cd39c998,50,100 m Freestyle,Men ,5.8,46.273,
4eb42fe8-7597-4554-ba85-558c71b1fe29,25,100 m Freestyle,Men ,5.8,47.059,
4ef00f66-6b34-4349-9605-66d41fef2ce0,50,100 m Freestyle,Men ,5.8,46.011,
6b71aec3-dbf0-4750-94e9-3a68021c2832,50,100 m Freestyle,Men ,5.82,45.880,
7093fdd9-2294-4d81-abd9-34a096109a9a,50,100 m Freestyle,Men ,5.9,45.749,
713003e8-bf2c-41c6-8fe2-62163e373b0c,50,100 m Freestyle,Men ,5.98,45.880,
7251196d-a94c-4d01-978d-b12347378665,50,100 m Freestyle,Men ,6.02,45.487,
7777851a-2992-4927-ad48-b1688e47a8f2,50,100 m Freestyle,Women,6.42,44.924,
8074b1ae-699c-4b12-8f49-9f63f758f215,50,100 m Freestyle,Women,6.48,44.669,
81285763-c7ca-49c8-b3db-2339a9182c58,50,100 m Freestyle,Women,6.5,44.414,
8213760b-c883-4866-a81b-37efb2c8081a,50,100 m Freestyle,Women,6.52,44.159,
8a0647c7-ea85-488e-893f-264bb0da9b46,25,100 m Freestyle,Women,6.54,41.864,
8ba28d0c-c4ab-4850-99ff-323017964404,50,100 m Freestyle,Women,6.54,43.649,
8fd0d808-5432-4f50-b432-182b08cf1e33,50,100 m Freestyle,Women,6.56,44.414,
8fe248cd-87f7-4abb-8077-f217b7966a7f,50,100 m Freestyle,Women,6.56,43.139,
9549ce22-d814-4a7e-9b64-1b4f00c8b9f4,50,100 m Freestyle,Women,6.56,44.924,
9bf879cf-0ed3-474d-a020-6eccb4ea899a,50,100 m Freestyle,Women,6.58,42.629,
9d6953b9-a604-4ae4-a46f-4d5b4f006059,50,100 m Freestyle,Women,6.6,42.374,
9e7a454d-7c9b-4ca5-aa36-f2abe88f2e16,50,100 m Freestyle,Women,6.62,39.314,
a1709fa0-cdac-412d-a18e-5a5e32d6ec7a,25,100 m Freestyle,Women,6.62,41.864,
a691d613-ee4f-4f6c-a898-5a51c10f502a,50,100 m Freestyle,Women,6.64,41.609,
abb0561d-6081-4be5-9d05-eca430ddbf1d,50,100 m Freestyle,Women,6.66,41.354,
b37bfa31-a147-4bc1-bea0-376ba13fa171,50,100 m Freestyle,Women,6.68,41.099,
b38eb9d8-7afa-4ace-97db-c29a5e9a64bf,50,100 m Freestyle,Women,6.7,40.844,
b5cad671-f83d-41c5-aea6-7b617b609ea1,50,100 m Freestyle,Women,6.72,40.589,
b80dd1f0-ed0d-4ed8-98e9-cdd0c52c4d4a,50,100 m Freestyle,Women,6.72,40.334,
b90fd7f6-ce75-4830-b0b2-b0ac532281a7,50,100 m Freestyle,Women,6.74,40.079,
b9401c18-23fc-4327-88d1-215be308044f,50,100 m Freestyle,Women,6.78,39.824,
b9bc3d7f-4f9e-48a4-8d75-1057e29505cc,50,100 m Freestyle,Women,6.8,39.569,
bdd9a7c5-7b77-4666-8da6-1b67e19c9fa1,50,100 m Freestyle,Women,6.8,39.314,
c4cfd5bd-536c-4164-8186-671bf1ed5107,50,100 m Freestyle,Women,6.8,39.059,
c7ac04ed-fabe-4fca-b164-630a4c9067af,50,100 m Freestyle,Women,6.84,39.569,
ce385e8a-0d6d-491b-b110-4bfb6d9e4f44,50,100 m Freestyle,Women,6.9,38.549,
