AthleteName,AthleteFirstName,AthleteLastName,Date,RaceEventDistance,RaceEventSwimmingStyleName,PhaseName,RaceEventIsRelay,RaceEventIsMixed,RaceEventName,PoolLength,RaceId,PhaseNumber,Lane,RelayLeg,FinishingPosition,RaceEventId,RaceEventSwimmingStyleId,AthleteId,AthleteGenderId,AthleteGenderName,AthleteNationId,AthleteNationCode,AthleteNationName,CompetitionId,CompetitionName,PhaseId,SessionId,SessionCode,AnalysisLevelId,AnalysisLevelName,RaceTime,Split_0_50_m,Split_50_100_m,StartBlockElapsedTime,StartBreakoutDistance,StartBreakoutTime,Lap1_15mElapsedTime,StartKicks,Turn_5mIn_s,Turn1RotateTime,Turn1_15m_s,Turn1BreakoutDistance,Turn1BreakoutTime,Turn1_Total_s,Last5m_s,SR_15_25m_T,SR_15_25m_SR,SR_15_25m_DPS,SR_15_25m_V,SR_15_25m_N,SR_25_50m_T,SR_25_50m_SR,SR_25_50m_DPS,SR_25_50m_V,SR_25_50m_N,SR_65_75m_T,SR_65_75m_SR,SR_65_75m_DPS,SR_65_75m_V,SR_65_75m_N,SR_75_100m_T,SR_75_100m_SR,SR_75_100m_DPS,SR_75_100m_V,SR_75_100m_N
Fearn,Fearn,,08/07/2026,4 x 100,Freestyle Mixed Relay,Heat,True,True,4 x 100 m Freestyle Mixed Relay,50,,,,,,,,,,,,,,,,,,,,,50.16,24.07,26.09,0.65,13.4,5.06,5.7,,2.77,1.19,7.05,,4.45,9.82,2.44,5.18,49.9,2.32,1.93,,13.19,48.1,2.4,1.92,29.0,5.4,47.8,2.32,1.85,,13.64,50.4,2.13,1.79,35.0
Fearn,Fearn,,07/07/2026,4 x 100,Freestyle Relay,Final,True,False,4 x 100 m Freestyle Relay,50,,,,,,,,,,,,,,,,,,,,,49.27,23.24,26.03,,,,,,,,,,,,,,53.0,,,,,48.0,,,29.0,,46.6,,,,,49.8,,,35.0
Fearn,Fearn,,07/07/2026,4 x 100,Freestyle Relay,Heat,True,False,4 x 100 m Freestyle Relay,50,,,,,,,,,,,,,,,,,,,,,50.24,23.86,26.38,,,,,,,,,,,,,,53.9,,,,,50.7,,,30.0,,47.9,,,,,47.7,,,35.0
Grieve,Grieve,,28/06/2026,100,Butterfly,Heat,False,False,100 m Butterfly,50,,,,,,,,,,,,,,,,,,,,,59.37,28.03,31.34,,,,,,,,,,,,,,57.7,,,,,57.0,,,21.0,,57.5,,,,,58.4,,,25.0
Grieve,Grieve,,28/06/2026,100,Butterfly,Final,False,False,100 m Butterfly,50,,,,,,,,,,,,,,,,,,,,,58.64,27.94,30.7,0.7,13.3,-2.84,6.74,,2.98,0.56,8.44,10.2,-2.88,11.42,3.14,6.06,58.4,1.7,1.65,,15.14,58.5,1.68,1.64,21.0,6.34,58.4,1.62,1.58,,15.92,59.5,1.57,1.56,25.0
Davis,Davis,,28/06/2026,200,Freestyle,Final,False,False,200 m Freestyle,50,,,,,,,,,,,,,,,,,,,,,122.4,28.65,30.4,0.72,12.3,5.18,6.98,,3.31,1.41,8.19,6.3,2.85,11.5,3.04,5.94,44.0,2.29,1.68,,15.73,40.1,2.41,1.61,31.0,6.28,42.1,2.27,1.59,,15.93,40.8,2.34,1.59,36.0
Shanahan,Shanahan,,28/06/2026,200,Backstroke,Heat,False,False,200 m Backstroke,50,,,,,,,,,,,,,,,,,,,,,134.85,31.9,34.15,,,,,,,,,,,,,,37.8,,,,,34.0,,,28.0,,32.9,,,,,32.3,,,30.0
Davis,Davis,,28/06/2026,200,Freestyle,Heat,False,False,200 m Freestyle,50,,,,,,,,,,,,,,,,,,,,,124.16,29.0,30.95,,,,,,,,,,,,,,44.3,,,,,40.6,,,30.0,,41.2,,,,,39.2,,,35.0
MacInnes,MacInnes,,28/06/2026,100,Butterfly,Final,False,False,100 m Butterfly,50,,,,,,,,,,,,,,,,,,,,,59.03,27.56,31.47,0.66,12.7,5.36,6.62,,2.9,0.62,9.22,7.6,4.62,12.12,3.03,5.94,63.8,1.58,1.68,,15.0,62.9,1.57,1.65,23.0,6.4,60.9,1.54,1.56,,15.85,60.9,1.54,1.56,27.0
McGill,McGill,,28/06/2026,200,Backstroke,Final,False,False,200 m Backstroke,50,,,,,,,,,,,,,,,,,,,,,131.18,31.4,32.52,0.66,12.2,6.22,8.1,,3.4,1.34,8.76,7.7,3.78,12.16,3.58,6.58,42.7,2.14,1.52,,16.72,41.5,2.17,1.5,34.0,6.7,41.1,2.18,1.49,,17.06,41.1,2.16,1.48,38.0
McGill,McGill,,28/06/2026,200,Backstroke,Heat,False,False,200 m Backstroke,50,,,,,,,,,,,,,,,,,,,,,133.55,33.13,35.07,,,,,,,,,,,,,,39.1,,,,,36.9,,,33.0,,34.7,,,,,32.9,,,34.0
MacInnes,MacInnes,,28/06/2026,100,Butterfly,Heat,False,False,100 m Butterfly,50,,,,,,,,,,,,,,,,,,,,,59.26,27.85,31.41,,,,,,,,,,,,,,62.0,,,,,60.0,,,23.0,,59.9,,,,,59.5,,,26.0
Shanahan,Shanahan,,28/06/2026,200,Backstroke,Final,False,False,200 m Backstroke,50,,,,,,,,,,,,,,,,,,,,,128.85,30.82,32.3,0.74,14.0,7.04,7.64,,3.58,1.44,8.44,10.1,5.28,12.02,3.29,6.36,40.2,2.34,1.57,,16.82,37.5,2.42,1.51,29.0,6.66,38.8,2.32,1.5,,17.2,36.5,2.45,1.49,32.0
McGill,McGill,,27/06/2026,100,Backstroke,Final,False,False,100 m Backstroke,50,,,,,,,,,,,,,,,,,,,,,62.71,30.92,31.79,0.66,11.7,6.56,8.16,,3.38,1.38,8.62,8.7,4.52,12.0,3.25,6.4,45.1,2.08,1.56,,16.36,45.4,2.04,1.54,35.0,6.54,45.9,2.0,1.53,,16.63,49.3,1.81,1.49,42.0
Smith,Smith,,27/06/2026,200,Breaststroke,Heat,False,False,200 m Breaststroke,50,,,,,,,,,,,,,,,,,,,,,134.42,30.94,33.65,,,,,,,,,,,,,,34.5,,,,,32.7,,,13.0,,33.6,,,,,34.3,,,15.0
Grieve,Grieve,,27/06/2026,50,Butterfly,Heat,False,False,50 m Butterfly,50,,,,,,,,,,,,,,,,,,,,,27.34,,,,,,,,,,,,,,,,61.8,,,,,62.5,,,,,,,,,,,,,
Grieve,Grieve,,27/06/2026,50,Butterfly,Final,False,False,50 m Butterfly,50,,,,,,,,,,,,,,,,,,,,,26.93,6.62,5.74,0.68,13.4,5.66,6.62,,,,,,,,2.85,,,,,,5.74,64.9,1.61,1.74,,,,,,,,,,,
Scott,Scott,,27/06/2026,200,Freestyle,Heat,False,False,200 m Freestyle,50,,,,,,,,,,,,,,,,,,,,,110.21000000000001,25.43,27.89,,,,,,,,,,,,,,44.5,,,,,40.6,,,28.0,,40.3,,,,,38.7,,,30.0
McGill,McGill,,27/06/2026,100,Backstroke,Heat,False,False,100 m Backstroke,50,,,,,,,,,,,,,,,,,,,,,62.89,31.03,31.86,,,,,,,,,,,,,,46.1,,,,,46.0,,,36.0,,45.6,,,,,45.5,,,39.0
Evans,Evans,,27/06/2026,200,Breaststroke,Heat,False,False,200 m Breaststroke,50,,,,,,,,,,,,,,,,,,,,,146.35,33.46,35.83,,,,,,,,,,,,,,31.0,,,,,31.1,,,14.0,,32.9,,,,,32.8,,,16.0
Shanahan,Shanahan,,27/06/2026,200,IM,Heat,False,False,200 m IM,50,,,,,,,,,,,,,,,,,,,,,134.41,29.26,33.73,,,,,,,,,,,,,,51.8,,,,,50.2,,,20.0,,36.1,,,,,34.7,,,32.0
Scott,Scott,,27/06/2026,200,Freestyle,Final,False,False,200 m Freestyle,50,,,,,,,,,,,,,,,,,,,,,107.71000000000001,25.16,27.25,0.72,13.2,4.82,5.82,,2.88,1.16,7.24,8.0,3.3,10.12,2.57,5.36,46.6,2.41,1.87,,13.98,43.7,2.47,1.8,29.0,5.78,42.8,2.43,1.73,,14.23,42.0,2.51,1.76,32.0
Shanahan,Shanahan,,27/06/2026,200,IM,Final,False,False,200 m IM,50,,,,,,,,,,,,,,,,,,,,,132.49,28.67,33.02,0.76,11.8,5.0,7.02,,2.99,0.85,9.51,11.1,6.81,12.5,3.09,6.04,54.1,1.84,1.66,,15.61,51.8,1.83,1.58,21.0,6.7,38.2,2.34,1.49,,16.81,38.1,2.33,1.48,33.0
Smith,Smith,,27/06/2026,200,Breaststroke,Final,False,False,200 m Breaststroke,50,,,,,,,,,,,,,,,,,,,,,132.69,30.65,33.11,0.7,15.6,7.2,6.76,,3.23,0.47,9.05,11.2,6.43,12.28,3.55,6.84,36.0,2.43,1.46,,17.05,34.6,2.51,1.45,14.0,6.92,36.8,2.36,1.45,,17.14,36.4,2.41,1.46,16.0
Evans,Evans,,27/06/2026,200,Breaststroke,Final,False,False,200 m Breaststroke,50,,,,,,,,,,,,,,,,,,,,,143.27,32.91,35.67,0.72,13.1,6.5,7.86,,3.23,0.69,10.59,9.7,6.27,13.82,3.47,7.08,33.7,2.51,1.41,,17.97,32.0,2.55,1.36,14.0,7.18,32.9,2.53,1.39,,17.9,33.6,2.48,1.39,17.0
MacInnes,MacInnes,,27/06/2026,50,Butterfly,Heat,False,False,50 m Butterfly,50,,,,,,,,,,,,,,,,,,,,,27.34,,,,,,,,,,,,,,,,65.2,,,,,64.4,,,,,,,,,,,,,
MacInnes,MacInnes,,27/06/2026,50,Butterfly,Final,False,False,50 m Butterfly,50,,,,,,,,,,,,,,,,,,,,,26.63,6.66,5.56,0.68,12.3,5.22,6.66,,,,,,,,2.91,,,,,,5.56,66.0,1.64,1.8,,,,,,,,,,,
Scott,Scott,,26/06/2026,200,IM,Heat,False,False,200 m IM,50,,,,,,,,,,,,,,,,,,,,,120.55,25.63,30.03,,,,,,,,,,,,,,49.5,,,,,47.5,,,17.0,,39.3,,,,,36.0,,,29.0
Scott,Scott,,26/06/2026,200,IM,Final,False,False,200 m IM,50,,,,,,,,,,,,,,,,,,,,,116.69,25.3,29.15,0.7,12.7,4.44,5.84,,2.88,0.62,7.74,13.2,6.66,10.62,2.55,5.4,52.8,2.1,1.85,,14.06,50.2,2.14,1.79,17.0,6.08,43.4,2.27,1.64,,15.33,39.7,2.42,1.6,30.0
Davis,Davis,,26/06/2026,100,Freestyle,Heat,False,False,100 m Freestyle,50,,,,,,,,,,,,,,,,,,,,,55.31,28.56,26.75,,,,,,,,,,,,,,49.4,,,,,47.8,,,33.0,,48.3,,,,,46.5,,,39.0
Hope,Hope,,26/06/2026,100,Freestyle,Final,False,False,100 m Freestyle,50,,,,,,,,,,,,,,,,,,,,,56.49,28.99,27.5,0.68,11.8,4.66,7.06,,4.75,2.87,6.45,8.3,1.81,11.2,2.89,5.56,52.6,2.05,1.8,,16.37,49.0,2.11,1.72,36.0,5.9,48.3,2.1,1.69,,15.15,47.4,2.06,1.63,41.0
Scott,Scott,,26/06/2026,200,Butterfly,Heat,False,False,200 m Butterfly,50,,,,,,,,,,,,,,,,,,,,,121.89,27.03,31.07,,,,,,,,,,,,,,44.3,,,,,41.8,,,15.0,,40.3,,,,,40.6,,,17.0
MacInnes,MacInnes,,26/06/2026,200,Butterfly,Final,False,False,200 m Butterfly,50,,,,,,,,,,,,,,,,,,,,,127.04,28.67,32.02,0.66,11.5,4.6,6.96,,3.13,0.59,9.21,6.6,3.73,12.34,3.28,6.18,55.7,1.75,1.62,,15.53,55.8,1.73,1.61,22.0,6.48,56.1,1.65,1.54,,16.33,56.0,1.64,1.53,26.0
Scott,Scott,,26/06/2026,200,Butterfly,Final,False,False,200 m Butterfly,50,,,,,,,,,,,,,,,,,,,,,116.53999999999999,26.16,29.37,0.68,12.9,4.74,6.08,,2.78,0.62,8.56,9.8,5.56,11.34,3.0,5.54,50.8,2.14,1.81,,14.54,46.8,2.18,1.7,17.0,5.92,46.3,2.19,1.69,,14.89,46.6,2.18,1.69,19.0
MacInnes,MacInnes,,26/06/2026,200,Butterfly,Heat,False,False,200 m Butterfly,50,,,,,,,,,,,,,,,,,,,,,131.46,29.83,32.96,,,,,,,,,,,,,,52.3,,,,,54.6,,,22.0,,54.9,,,,,56.2,,,27.0
Evans,Evans,,26/06/2026,100,Breaststroke,Heat,False,False,100 m Breaststroke,50,,,,,,,,,,,,,,,,,,,,,66.21,31.44,34.77,,,,,,,,,,,,,,38.9,,,,,41.1,,,17.0,,38.8,,,,,37.8,,,19.0
Davis,Davis,,26/06/2026,100,Freestyle,Final,False,False,100 m Freestyle,50,,,,,,,,,,,,,,,,,,,,,55.14,26.62,28.52,0.74,12.7,5.16,6.6,,3.12,1.48,7.66,8.7,3.84,10.78,2.84,5.56,49.7,2.17,1.8,,14.46,48.6,2.17,1.76,33.0,5.84,49.5,2.07,1.71,,15.02,46.6,2.11,1.64,39.0
Evans,Evans,,26/06/2026,100,Breaststroke,Final,False,False,100 m Breaststroke,50,,,,,,,,,,,,,,,,,,,,,64.98,30.82,34.16,0.7,13.1,6.18,7.52,,3.08,0.84,9.96,9.6,6.18,13.04,3.32,6.66,42.2,2.13,1.5,,16.64,42.3,2.09,1.47,17.5,6.92,42.9,2.03,1.45,,17.28,44.6,1.92,1.43,21.0
Scott,Scott,,31/05/2026,100,Freestyle,Heat,False,False,100 m Freestyle,50,,,,,,,,,,,,,,,,,,,,,49.5,23.96,25.54,0.7,12.92,4.8,5.8,,2.68,1.44,6.96,9.8,4.44,9.64,2.48,5.14,49.4,2.37,1.95,,13.02,50.1,2.31,1.93,30.0,5.22,49.6,2.32,1.92,,13.36,48.3,2.29,1.84,34.0
McNair,McNair,,31/05/2026,100,Backstroke,Heat,False,False,100 m Backstroke,50,,,,,,,,,,,,,,,,,,,,,64.52,31.38,33.14,0.6,12.84,6.5,7.96,,3.84,1.2,8.92,10.6,5.7,12.76,3.16,6.48,45.0,2.05,1.54,,16.94,42.3,2.17,1.53,34.0,6.9,38.8,2.24,1.45,,17.32,37.8,2.24,1.41,35.0
Annis,Annis,,31/05/2026,400,Freestyle,B-Final,False,False,400 m Freestyle,50,,,,,,,,,,,,,,,,,,,,,238.93,27.56,29.63,,,,,,,,,,,,,,37.4,,,26.0,,,,,,,35.8,,,31.0,,,,,
Hope,Hope,,31/05/2026,200,Freestyle,Heat,False,False,200 m Freestyle,50,,,,,,,,,,,,,,,,,,,,,123.55,28.33,30.34,0.7,11.0,4.7,6.98,,3.47,1.43,8.23,5.48,2.51,11.7,3.19,5.86,46.2,2.22,1.71,,15.49,43.5,2.29,1.66,33.0,6.0,43.6,2.3,1.67,,16.11,42.7,2.22,1.58,38.0
Dean,Dean,,31/05/2026,200,IM,Heat,False,False,200 m IM,50,,,,,,,,,,,,,,,,,,,,,124.35,26.96,32.45,,,,,,,,,,,,,,,,,,,,,,,,,,,,,,,,
Annis,Annis,,31/05/2026,400,Freestyle,Heat,False,False,400 m Freestyle,50,,,,,,,,,,,,,,,,,,,,,237.21,27.45,29.08,0.7,13.96,5.8,6.48,,3.19,1.49,7.95,5.72,2.29,11.14,3.03,20.97,37.9,2.68,1.69,26.0,,,,,,21.13,36.8,2.72,1.67,31.0,,,,,
Grieve,Grieve,,31/05/2026,100,Butterfly,Final,False,False,100 m Butterfly,50,,,,,,,,,,,,,,,,,,,,,59.41,28.14,31.27,0.7,13.4,5.82,6.84,,3.08,0.48,8.62,10.2,5.58,11.7,3.35,6.04,57.8,1.72,1.66,,15.26,59.8,1.65,1.64,22.0,6.22,58.2,1.66,1.61,,16.43,60.4,1.52,1.53,26.0
Grieve,Grieve,,31/05/2026,100,Butterfly,Heat,False,False,100 m Butterfly,50,,,,,,,,,,,,,,,,,,,,,59.06,27.82,31.24,0.7,13.32,5.8,6.76,,3.08,0.56,8.64,10.2,5.88,11.72,3.14,5.94,60.2,1.67,1.68,,15.12,60.6,1.64,1.66,22.0,6.28,58.4,1.63,1.59,,16.32,59.1,1.54,1.52,25.0
Fearn,Fearn,,31/05/2026,50,Butterfly,Heat,False,False,50 m Butterfly,50,,,,,,,,,,,,,,,,,,,,,24.27,,,,,,,,,,,,,,,,,,,,,,,,,,,,,,,,,,
Scott,Scott,,31/05/2026,200,Butterfly,Final,False,False,200 m Butterfly,50,,,,,,,,,,,,,,,,,,,,,120.05,26.53,29.83,0.7,12.92,4.96,6.06,,3.03,0.57,8.57,10.28,5.59,11.6,3.13,5.8,47.3,2.18,1.72,,14.67,45.1,2.29,1.72,16.0,6.0,45.3,2.21,1.67,,15.26,46.5,2.14,1.66,19.0
Scott,Scott,,31/05/2026,200,Butterfly,Heat,False,False,200 m Butterfly,50,,,,,,,,,,,,,,,,,,,,,118.69,26.48,29.4,0.7,13.08,5.1,6.12,,3.0,0.54,8.42,9.56,5.38,11.42,2.95,5.74,45.0,2.32,1.74,,14.62,45.8,2.25,1.72,16.0,5.92,46.2,2.19,1.69,,15.06,46.3,2.15,1.66,19.0
Fearn,Fearn,,31/05/2026,50,Butterfly,B-Final,False,False,50 m Butterfly,50,,,,,,,,,,,,,,,,,,,,,24.06,5.9,5.06,0.7,13.72,5.3,5.9,,,,,,,,2.72,,,,,,5.06,,,1.98,,,,,,,,,,,
Dean,Dean,,31/05/2026,200,IM,Final,False,False,200 m IM,50,,,,,,,,,,,,,,,,,,,,,123.25,26.32,32.45,0.7,13.08,5.08,6.14,,3.02,0.82,8.7,11.8,6.46,11.72,2.79,5.68,50.6,2.09,1.76,,14.5,48.6,2.15,1.74,18.0,6.68,38.8,2.32,1.5,,17.07,35.1,2.48,1.45,31.0
Smith,Smith,,31/05/2026,400,Freestyle,Heat,False,False,400 m Freestyle,50,,,,,,,,,,,,,,,,,,,,,237.82999999999998,27.02,29.09,,,,,,,,,,,,,,,,,,,,,,,,,,,,,,,,
Scott,Scott,,31/05/2026,100,Freestyle,Final,False,False,100 m Freestyle,50,,,,,,,,,,,,,,,,,,,,,49.11,23.79,25.32,0.7,12.84,4.74,5.82,,2.73,1.25,6.89,10.2,4.63,9.62,2.49,5.22,51.6,2.23,1.92,,12.75,52.5,2.29,2.0,31.0,5.14,50.9,2.3,1.95,,13.29,50.8,2.19,1.85,35.0
Smith,Smith,,31/05/2026,400,Freestyle,B-Final,False,False,400 m Freestyle,50,,,,,,,,,,,,,,,,,,,,,236.76,26.92,28.49,0.7,12.68,5.06,6.34,,3.22,1.7,7.68,6.28,2.62,10.9,3.1,20.58,40.7,2.55,1.73,28.0,,,,,,20.81,39.5,2.6,1.71,33.0,,,,,
Smith,Smith,,31/05/2026,100,Breaststroke,Heat,False,False,100 m Breaststroke,50,,,,,,,,,,,,,,,,,,,,,63.19,30.2,32.99,0.7,15.24,7.06,6.84,,3.22,0.52,9.26,10.28,6.52,12.48,3.17,6.84,42.5,2.06,1.46,,16.52,41.8,2.15,1.5,16.0,6.76,45.4,1.96,1.48,,16.97,47.2,1.84,1.45,20.5
McGill,McGill,,31/05/2026,100,Backstroke,Heat,False,False,100 m Backstroke,50,,,,,,,,,,,,,,,,,,,,,63.34,30.86,32.48,0.6,12.52,6.54,8.24,,3.48,1.38,8.66,8.84,4.54,12.14,3.34,6.4,46.7,2.0,1.56,,16.22,46.5,2.03,1.57,36.0,6.62,46.1,1.97,1.51,,17.2,45.6,1.89,1.44,42.0
McNair,McNair,,30/05/2026,200,IM,B-Final,False,False,200 m IM,50,,,,,,,,,,,,,,,,,,,,,137.69,29.18,34.23,0.7,12.76,5.76,7.12,,3.34,0.66,9.72,9.0,5.32,13.06,3.21,6.1,53.9,1.83,1.64,,15.96,51.9,1.83,1.58,20.0,6.88,39.4,2.21,1.45,,17.63,37.3,2.3,1.43,36.0
Scott,Scott,,30/05/2026,200,Freestyle,Heat,False,False,200 m Freestyle,50,,,,,,,,,,,,,,,,,,,,,108.31,25.11,27.09,0.7,13.0,4.94,5.94,,3.11,1.45,7.33,9.4,4.03,10.44,2.67,5.38,45.6,2.45,1.86,,13.79,44.1,2.54,1.87,28.0,5.4,43.4,2.56,1.85,,14.36,41.3,2.56,1.76,31.0
Hope,Hope,,30/05/2026,100,Freestyle,Heat,False,False,100 m Freestyle,50,,,,,,,,,,,,,,,,,,,,,56.84,27.45,29.39,0.7,11.4,4.94,6.94,,3.47,1.51,8.01,6.92,3.27,11.48,3.02,5.7,52.5,2.0,1.75,,14.81,49.9,2.12,1.76,36.0,5.96,48.7,2.07,1.68,,15.42,47.0,2.06,1.61,41.0
Dean,Dean,,30/05/2026,200,Freestyle,B-Final,False,False,200 m Freestyle,50,,,,,,,,,,,,,,,,,,,,,110.34,25.64,27.98,0.7,13.0,5.08,6.04,,2.96,1.46,7.44,8.28,3.52,10.4,2.48,5.5,40.4,2.7,1.82,,14.1,39.1,2.76,1.8,26.0,5.76,38.0,2.75,1.74,,14.78,36.6,2.84,1.73,29.0
McNair,McNair,,30/05/2026,200,IM,Heat,False,False,200 m IM,50,,,,,,,,,,,,,,,,,,,,,139.0,29.18,34.16,0.7,13.0,5.9,7.14,,3.18,0.7,9.6,8.6,5.18,12.78,3.42,6.12,54.1,1.81,1.63,,15.92,51.6,1.83,1.57,20.0,6.94,39.6,2.18,1.44,,17.62,37.7,2.26,1.42,37.0
McNair,McNair,,30/05/2026,50,Butterfly,Heat,False,False,50 m Butterfly,50,,,,,,,,,,,,,,,,,,,,,27.99,,,,,,,,,,,,,,,,,,,,,,,,,,,,,,,,,,
Smith,Smith,,30/05/2026,200,Breaststroke,Heat,False,False,200 m Breaststroke,50,,,,,,,,,,,,,,,,,,,,,137.67000000000002,30.92,34.76,0.7,15.24,7.28,7.06,,3.22,0.7,9.56,11.4,7.0,12.78,3.53,6.82,35.0,2.52,1.47,,17.04,33.6,2.59,1.45,14.0,7.14,34.9,2.41,1.4,,18.06,34.2,2.46,1.4,16.0
Annis,Annis,,30/05/2026,200,Freestyle,Heat,False,False,200 m Freestyle,50,,,,,,,,,,,,,,,,,,,,,112.47999999999999,26.88,28.39,0.7,14.04,5.8,6.5,,3.18,1.94,7.74,6.2,2.66,10.92,3.02,5.74,41.6,2.51,1.74,,14.64,39.3,2.67,1.75,26.0,5.8,40.2,2.57,1.72,,14.85,39.6,2.64,1.74,32.0
Fearn,Fearn,,30/05/2026,100,Butterfly,Heat,False,False,100 m Butterfly,50,,,,,,,,,,,,,,,,,,,,,54.13,25.28,28.85,,,,,,,,,,,,,,,,,,,,,,,,,,,,,,,,
Fearn,Fearn,,30/05/2026,100,Butterfly,B-Final,False,False,100 m Butterfly,50,,,,,,,,,,,,,,,,,,,,,54.06,25.01,29.05,0.7,14.29,5.76,6.0,,2.85,0.89,8.75,11.19,6.55,11.6,2.88,5.34,57.5,1.95,1.87,,13.67,54.5,2.04,1.85,18.0,5.58,53.9,1.99,1.79,,14.72,54.6,1.86,1.69,20.0
McGill,McGill,,30/05/2026,200,Backstroke,Heat,False,False,200 m Backstroke,50,,,,,,,,,,,,,,,,,,,,,132.67,31.49,32.68,,,,,,,,,,,,,,,,,,,,,,,,,,,,,,,,
Grieve,Grieve,,30/05/2026,50,Butterfly,Heat,False,False,50 m Butterfly,50,,,,,,,,,,,,,,,,,,,,,27.33,,,,,,,,,,,,,,,,,,,,,,,,,,,,,,,,,,
Annis,Annis,,30/05/2026,100,Backstroke,Heat,False,False,100 m Backstroke,50,,,,,,,,,,,,,,,,,,,,,56.43,27.64,28.79,0.6,13.08,5.6,6.72,,3.38,1.32,7.4,12.52,5.8,10.78,3.09,5.62,48.1,2.22,1.78,,15.3,44.9,2.24,1.68,32.0,6.04,44.6,2.23,1.66,,15.35,46.2,2.12,1.63,34.0
Grieve,Grieve,,30/05/2026,50,Butterfly,B-Final,False,False,50 m Butterfly,50,,,,,,,,,,,,,,,,,,,,,27.28,6.54,5.84,0.7,13.24,5.68,6.54,,,,,,,,2.86,,,,,,5.84,62.8,1.63,1.71,,,,,,,,,,,
Scott,Scott,,30/05/2026,200,Freestyle,Final,False,False,200 m Freestyle,50,,,,,,,,,,,,,,,,,,,,,108.6,25.62,27.24,0.7,13.64,5.2,5.9,,3.12,1.2,7.36,8.12,3.72,10.48,2.62,5.5,43.7,2.5,1.82,,14.22,41.9,2.58,1.8,28.0,5.48,43.2,2.53,1.82,,14.4,43.0,2.48,1.78,32.0
Dean,Dean,,30/05/2026,200,Freestyle,Heat,False,False,200 m Freestyle,50,,,,,,,,,,,,,,,,,,,,,110.65,25.51,27.71,,,,,,,,,,,,,,,,,,,,,,,,,,,,,,,,
McGill,McGill,,30/05/2026,200,Backstroke,Final,False,False,200 m Backstroke,50,,,,,,,,,,,,,,,,,,,,,131.26,31.7,32.59,0.6,11.96,6.02,8.16,,3.88,1.16,8.72,8.12,4.18,12.6,3.58,6.6,44.6,2.04,1.52,,16.94,41.7,2.2,1.53,35.0,6.66,42.1,2.14,1.5,,17.21,40.6,2.19,1.48,37.0
Dean,Dean,,25/05/2026,200,Freestyle,Heat,False,False,200 m Freestyle,50,,,,,,,,,,,,,,,,,,,,,110.92,25.37,27.99,,,,,,,,,,,,,,41.0,,,,,39.6,,,26.0,,37.6,,,,,37.6,,,28.0
Fearn,Fearn,,25/05/2026,100,Backstroke,Heat,False,False,100 m Backstroke,50,,,,,,,,,,,,,,,,,,,,,55.75,27.1,28.65,,,,,,,,,,,,,,48.6,,,,,46.5,,,31.0,,46.3,,,,,46.8,,,35.0
Grieve,Grieve,,25/05/2026,100,Butterfly,Final,False,False,100 m Butterfly,50,,,,,,,,,,,,,,,,,,,,,59.46,28.04,31.42,0.66,13.7,5.84,6.64,,2.84,0.74,8.56,10.3,5.88,11.4,3.0,6.06,58.8,1.68,1.65,,15.34,58.6,1.64,1.6,22.0,6.62,57.5,1.58,1.51,,16.24,58.6,1.55,1.51,25.0
Shanahan,Shanahan,,25/05/2026,200,Backstroke,Final,False,False,200 m Backstroke,50,,,,,,,,,,,,,,,,,,,,,131.45,30.69,32.97,0.72,13.7,6.82,7.68,,3.61,1.21,8.63,9.8,5.29,12.24,3.29,6.32,41.8,2.27,1.58,,16.69,39.3,2.34,1.53,31.0,6.7,39.1,2.29,1.49,,17.64,38.0,2.27,1.44,34.0
Fearn,Fearn,,25/05/2026,50,Butterfly,Final,False,False,50 m Butterfly,50,,,,,,,,,,,,,,,,,,,,,23.72,5.82,5.06,0.64,13.8,5.16,5.82,,,,,,,,2.46,,,,,,5.06,65.2,1.82,1.98,,,,,,,,,,,
Annis,Annis,,25/05/2026,200,Freestyle,Heat,False,False,200 m Freestyle,50,,,,,,,,,,,,,,,,,,,,,113.08,26.67,28.92,,,,,,,,,,,,,,39.7,,,,,37.0,,,27.0,,35.6,,,,,37.0,,,30.0
Davis,Davis,,25/05/2026,4 x 100,Freestyle Relay,Final,True,False,4 x 100 m Freestyle Relay,50,,,,,,,,,,,,,,,,,,,,,55.01,26.65,28.36,0.68,12.7,5.32,6.56,,3.25,1.45,7.79,7.3,3.45,11.04,2.67,5.58,50.3,2.14,1.79,,14.51,48.7,2.19,1.78,33.0,5.84,48.5,2.12,1.71,,14.73,46.9,2.12,1.66,39.0
Annis,Annis,,25/05/2026,100,Backstroke,Heat,False,False,100 m Backstroke,50,,,,,,,,,,,,,,,,,,,,,55.58,27.37,28.21,,,,,,,,,,,,,,47.3,,,,,45.9,,,32.0,,46.6,,,,,46.1,,,34.0
Smith,Smith,,25/05/2026,200,Freestyle,Heat,False,False,200 m Freestyle,50,,,,,,,,,,,,,,,,,,,,,110.66,25.91,27.8,,,,,,,,,,,,,,44.6,,,,,43.1,,,28.0,,42.4,,,,,41.4,,,33.0
Evans,Evans,,25/05/2026,50,Breaststroke,Final,False,False,50 m Breaststroke,50,,,,,,,,,,,,,,,,,,,,,30.77,7.9,6.5,0.7,12.9,6.2,7.9,,,,,,,,3.01,,48.4,,,,6.5,45.4,2.04,1.54,,,,,,,,,,,
Davis,Davis,,25/05/2026,100,Freestyle,Heat,False,False,100 m Freestyle,50,,,,,,,,,,,,,,,,,,,,,55.34,26.79,28.55,,,,,,,,,,,,,,50.6,,,,,47.4,,,33.0,,48.8,,,,,47.2,,,38.0
Anderson,Anderson,,25/05/2026,100,Freestyle,Heat,False,False,100 m Freestyle,50,,,,,,,,,,,,,,,,,,,,,55.11,26.34,28.77,0.72,13.3,5.6,6.58,,3.1,1.46,7.84,6.4,2.78,10.94,2.81,5.54,46.0,2.36,1.81,,14.22,46.0,2.35,1.8,30.0,5.88,42.9,2.38,1.7,,15.05,42.6,2.3,1.63,37.0
McGill,McGill,,25/05/2026,200,Backstroke,Final,False,False,200 m Backstroke,50,,,,,,,,,,,,,,,,,,,,,132.25,31.33,32.58,0.66,13.4,7.02,8.16,,3.41,1.25,8.71,8.4,4.21,12.12,3.49,6.48,43.6,2.12,1.54,,16.69,41.8,2.17,1.51,34.0,6.68,42.5,2.12,1.5,,17.19,41.2,2.16,1.48,38.0
Anderson,Anderson,,25/05/2026,100,Freestyle,Final,False,False,100 m Freestyle,50,,,,,,,,,,,,,,,,,,,,,54.91,26.73,28.18,0.76,12.5,5.34,6.64,,3.03,1.49,7.69,6.5,2.77,10.72,2.75,5.7,43.8,2.4,1.75,,14.39,44.9,2.35,1.76,30.0,5.78,43.4,2.39,1.73,,14.71,43.9,2.28,1.67,37.0
Shanahan,Shanahan,,25/05/2026,200,Backstroke,Heat,False,False,200 m Backstroke,50,,,,,,,,,,,,,,,,,,,,,131.27,31.09,32.72,,,,,,,,,,,,,,40.4,,,,,38.1,,,30.0,,37.5,,,,,37.8,,,32.0
Evans,Evans,,25/05/2026,50,Breaststroke,Heat,False,False,50 m Breaststroke,50,,,,,,,,,,,,,,,,,,,,,31.0,7.98,,,,,,,,,,,,,,,49.2,,,,,44.8,,,,,,,,,,,,,
MacInnes,MacInnes,,25/05/2026,100,Butterfly,Final,False,False,100 m Butterfly,50,,,,,,,,,,,,,,,,,,,,,58.91,27.62,31.29,0.64,13.2,5.66,6.68,,2.98,0.72,9.14,7.9,4.72,12.12,3.03,5.96,60.6,1.66,1.68,,14.98,60.0,1.67,1.67,22.0,6.26,61.0,1.57,1.6,,15.89,60.2,1.55,1.56,27.0
Fearn,Fearn,,25/05/2026,100,Backstroke,Final,False,False,100 m Backstroke,50,,,,,,,,,,,,,,,,,,,,,55.51,27.26,28.25,0.64,14.0,6.04,6.6,,3.18,1.48,7.5,13.0,6.2,10.68,2.69,5.68,49.0,2.16,1.76,,14.98,45.6,2.22,1.69,31.0,5.94,47.3,2.13,1.68,,14.81,47.1,2.1,1.65,34.0
Annis,Annis,,25/05/2026,100,Backstroke,Final,False,False,100 m Backstroke,50,,,,,,,,,,,,,,,,,,,,,55.51,27.39,28.12,0.62,14.1,5.94,6.5,,3.35,1.39,7.23,12.9,5.97,10.58,2.87,5.8,46.9,2.2,1.72,,15.09,45.4,2.25,1.7,31.0,5.86,48.9,2.1,1.71,,15.03,47.5,2.07,1.64,34.0
Grieve,Grieve,,25/05/2026,100,Butterfly,Heat,False,False,100 m Butterfly,50,,,,,,,,,,,,,,,,,,,,,59.7,28.16,31.54,0.66,13.6,5.76,6.52,,3.14,0.72,8.8,10.2,5.82,11.94,3.14,6.18,61.0,1.59,1.62,,15.46,61.0,1.59,1.62,22.0,6.38,59.0,1.6,1.57,,16.36,59.3,1.53,1.51,25.0
McGill,McGill,,25/05/2026,200,Backstroke,Heat,False,False,200 m Backstroke,50,,,,,,,,,,,,,,,,,,,,,132.46,31.68,32.72,,,,,,,,,,,,,,42.2,,,,,40.7,,,34.0,,41.4,,,,,40.5,,,37.0
Fearn,Fearn,,25/05/2026,50,Butterfly,Heat,False,False,50 m Butterfly,50,,,,,,,,,,,,,,,,,,,,,24.06,,,,,,,,,,,,,,,,65.2,,,,,65.5,,,,,,,,,,,,,
Hope,Hope,,25/05/2026,100,Freestyle,B-Final,False,False,100 m Freestyle,50,,,,,,,,,,,,,,,,,,,,,56.68,27.19,29.49,,,,,,,,,,,,,,54.9,,,,,50.3,,,36.0,,49.8,,,,,47.6,,,42.0
Davis,Davis,,25/05/2026,100,Freestyle,Final,False,False,100 m Freestyle,50,,,,,,,,,,,,,,,,,,,,,54.67,26.43,28.24,0.7,12.9,5.32,6.52,,3.13,1.43,7.71,7.5,3.47,10.84,2.75,5.54,51.2,2.12,1.81,,14.37,49.1,2.18,1.78,33.0,5.82,49.8,2.07,1.72,,14.71,48.2,2.08,1.67,40.0
Dean,Dean,,25/05/2026,200,Freestyle,B-Final,False,False,200 m Freestyle,50,,,,,,,,,,,,,,,,,,,,,109.37,25.3,27.88,,,,,,,,,,,,,,,,,,,,,,,,,,,,,,,,
Dean,Dean,,25/05/2026,4 x 100,Medley Relay,Final,True,False,4 x 100 m Medley Relay,50,,,,,,,,,,,,,,,,,,,,,49.29,23.53,25.76,0.16,13.3,4.46,5.24,,2.83,1.05,6.91,9.4,4.17,9.74,2.33,5.12,46.4,2.52,1.95,,13.17,47.4,2.44,1.93,28.0,5.42,44.6,2.49,1.85,,13.43,43.1,2.51,1.8,31.0
MacInnes,MacInnes,,25/05/2026,100,Butterfly,Heat,False,False,100 m Butterfly,50,,,,,,,,,,,,,,,,,,,,,58.91,27.73,31.18,,,,,,,,,,,,,,61.2,,,,,60.3,,,22.0,,59.7,,,,,60.3,,,26.0
Smith,Smith,,25/05/2026,200,Freestyle,B-Final,False,False,200 m Freestyle,50,,,,,,,,,,,,,,,,,,,,,110.21000000000001,25.57,27.87,0.68,13.4,5.26,6.18,,2.91,1.05,7.45,7.3,2.93,10.36,2.75,5.34,45.9,2.44,1.87,,14.05,43.9,2.46,1.8,29.0,5.66,42.9,2.48,1.77,,14.76,42.1,2.47,1.73,34.0
Hope,Hope,,25/05/2026,100,Freestyle,Heat,False,False,100 m Freestyle,50,,,,,,,,,,,,,,,,,,,,,56.11,27.16,28.95,,,,,,,,,,,,,,51.3,,,,,48.3,,,35.0,,50.3,,,,,46.7,,,41.0
McMillan,McMillan,,24/05/2026,4 x 200,Freestyle Mixed Relay,Final,True,True,4 x 200 m Freestyle Mixed Relay,50,,,,,,,,,,,,,,,,,,,,,108.19,25.52,27.68,0.66,12.5,4.68,6.0,,2.82,1.68,7.28,7.7,2.96,10.1,2.57,5.56,41.1,2.63,1.8,,13.96,40.1,2.69,1.8,26.0,5.88,37.2,2.74,1.7,,14.52,37.1,2.78,1.72,30.0
Davis,Davis,,24/05/2026,200,Freestyle,Heat,False,False,200 m Freestyle,50,,,,,,,,,,,,,,,,,,,,,122.96,28.67,30.89,,,,,,,,,,,,,,44.1,,,,,41.2,,,30.0,,39.0,,,,,40.5,,,35.0
McMillan,McMillan,,24/05/2026,400,Freestyle,Final,False,False,400 m Freestyle,50,,,,,,,,,,,,,,,,,,,,,229.68,26.29,28.52,0.74,12.4,4.76,6.22,,2.85,1.33,7.67,6.4,2.47,10.52,2.6,20.07,37.8,2.76,1.74,26.0,,,,,,20.85,34.9,2.91,1.69,29.0,,,,,
McGill,McGill,,24/05/2026,100,Backstroke,Final,False,False,100 m Backstroke,50,,,,,,,,,,,,,,,,,,,,,62.38,30.58,31.8,0.66,13.2,6.72,7.96,,3.5,1.14,8.56,8.7,4.44,12.06,3.12,6.32,46.2,2.05,1.58,,16.3,45.5,2.06,1.56,35.0,6.58,47.1,1.94,1.52,,16.66,45.3,1.96,1.48,41.0
Dean,Dean,,24/05/2026,100,Freestyle,Heat,False,False,100 m Freestyle,50,,,,,,,,,,,,,,,,,,,,,49.92,24.41,25.51,0.74,13.6,5.18,5.88,,2.79,1.07,7.01,9.5,4.19,9.8,2.38,5.22,45.2,2.55,1.92,,13.31,43.1,2.65,1.9,27.0,5.22,44.9,2.57,1.92,,13.28,45.6,2.41,1.83,32.0
Annis,Annis,,24/05/2026,400,Freestyle,Heat,False,False,400 m Freestyle,50,,,,,,,,,,,,,,,,,,,,,238.94,27.39,29.56,,,,,,,,,,,,,,36.5,,,26.0,,,,,,,35.2,,,29.0,,,,,
Hope,Hope,,24/05/2026,200,Freestyle,B-Final,False,False,200 m Freestyle,50,,,,,,,,,,,,,,,,,,,,,122.57,28.65,30.94,0.7,11.2,4.72,6.98,,3.35,1.83,8.33,5.8,2.43,11.68,2.99,5.94,43.8,2.3,1.68,,15.73,42.3,2.3,1.62,32.0,6.18,42.2,2.3,1.62,,16.43,40.2,2.33,1.56,38.0
Dean,Dean,,24/05/2026,200,IM,Final,False,False,200 m IM,50,,,,,,,,,,,,,,,,,,,,,121.95,25.78,31.62,0.7,13.5,5.12,5.9,,2.68,0.82,8.64,11.3,6.22,11.32,2.47,5.62,52.6,2.03,1.78,,14.26,50.0,2.08,1.73,17.0,6.54,38.4,2.39,1.53,,16.44,36.8,2.43,1.49,31.0
Smith,Smith,,24/05/2026,100,Breaststroke,Heat,False,False,100 m Breaststroke,50,,,,,,,,,,,,,,,,,,,,,62.35,29.84,32.51,,,,,,,,,,,,,,42.4,,,,,43.3,,,16.0,,45.6,,,,,47.9,,,20.0
Dean,Dean,,24/05/2026,200,IM,Heat,False,False,200 m IM,50,,,,,,,,,,,,,,,,,,,,,122.9,26.37,31.22,0.66,13.6,5.08,5.9,,2.85,0.65,8.27,11.6,6.13,11.12,2.66,5.84,51.0,2.01,1.71,,14.63,47.8,2.13,1.7,17.0,6.52,38.3,2.4,1.53,,16.43,35.4,2.51,1.48,30.0
Smith,Smith,,24/05/2026,200,IM,Heat,False,False,200 m IM,50,,,,,,,,,,,,,,,,,,,,,123.59,26.34,32.51,,,,,,,,,,,,,,53.8,,,,,52.4,,,19.0,,41.3,,,,,40.0,,,34.0
Dean,Dean,,24/05/2026,100,Freestyle,Final,False,False,100 m Freestyle,50,,,,,,,,,,,,,,,,,,,,,50.05,24.34,25.71,0.7,13.6,5.1,5.8,,2.86,1.14,7.0,8.6,3.62,9.86,2.43,5.22,46.0,2.5,1.92,,13.32,43.1,2.66,1.91,27.0,5.34,44.2,2.54,1.87,,13.37,43.2,2.54,1.83,32.0
Shanahan,Shanahan,,24/05/2026,100,Backstroke,Heat,False,False,100 m Backstroke,50,,,,,,,,,,,,,,,,,,,,,62.11,30.44,31.67,,,,,,,,,,,,,,43.0,,,,,41.8,,,31.0,,42.2,,,,,42.4,,,36.0
Shanahan,Shanahan,,24/05/2026,100,Backstroke,Final,False,False,100 m Backstroke,50,,,,,,,,,,,,,,,,,,,,,61.6,29.91,31.69,0.74,14.0,7.02,7.66,,3.49,1.53,8.51,11.3,5.77,12.0,3.14,6.18,46.1,2.11,1.62,,16.07,44.0,2.17,1.59,32.0,6.62,43.2,2.1,1.51,,16.56,43.2,2.07,1.49,37.0
Anderson,Anderson,,24/05/2026,200,Freestyle,Final,False,False,200 m Freestyle,50,,,,,,,,,,,,,,,,,,,,,118.11,27.75,29.79,0.7,,5.22,6.66,,3.31,2.01,8.01,6.1,2.65,11.32,2.85,5.92,38.9,2.61,1.69,,15.17,40.3,2.52,1.69,28.0,6.04,38.9,2.56,1.66,,15.74,38.6,2.47,1.59,33.0
Davis,Davis,,24/05/2026,200,Freestyle,B-Final,False,False,200 m Freestyle,50,,,,,,,,,,,,,,,,,,,,,122.35,28.17,30.53,0.7,13.0,5.7,6.84,,3.29,1.77,8.31,6.9,3.25,11.6,2.97,5.92,46.0,2.2,1.69,,15.41,42.1,2.35,1.65,30.0,6.36,41.1,2.29,1.57,,15.86,41.5,2.33,1.61,36.0
Hope,Hope,,24/05/2026,200,Freestyle,Heat,False,False,200 m Freestyle,50,,,,,,,,,,,,,,,,,,,,,122.33,28.99,30.78,,,,,,,,,,,,,,43.6,,,,,40.6,,,32.0,,41.6,,,,,41.4,,,38.0
Evans,Evans,,24/05/2026,100,Breaststroke,Final,False,False,100 m Breaststroke,50,,,,,,,,,,,,,,,,,,,,,65.13,30.61,34.52,0.7,13.3,6.34,7.6,,2.93,0.69,9.81,9.0,5.75,12.74,3.29,6.54,44.1,2.08,1.53,,16.47,44.8,1.98,1.48,18.0,7.02,43.2,1.97,1.42,,17.69,45.7,1.82,1.39,22.0
MacInnes,MacInnes,,24/05/2026,50,Butterfly,Final,False,False,50 m Butterfly,50,,,,,,,,,,,,,,,,,,,,,26.57,6.52,5.58,0.64,14.5,6.3,6.52,,,,,,,,2.73,,,,,,5.58,65.6,1.64,1.79,,,,,,,,,,,
Fearn,Fearn,,24/05/2026,100,Freestyle,C-Final,False,False,100 m Freestyle,50,,,,,,,,,,,,,,,,,,,,,51.14,24.8,26.34,,,,,,,,,,,,,,49.8,,,,,47.1,,,30.0,,46.8,,,,,45.8,,,34.0
Evans,Evans,,24/05/2026,100,Breaststroke,Heat,False,False,100 m Breaststroke,50,,,,,,,,,,,,,,,,,,,,,66.85,31.2,35.65,,,,,,,,,,,,,,42.8,,,,,43.8,,,18.0,,37.0,,,,,37.5,,,19.0
Smith,Smith,,24/05/2026,200,IM,Final,False,False,200 m IM,50,,,,,,,,,,,,,,,,,,,,,123.77,26.88,32.1,0.72,13.3,5.34,6.12,,2.98,0.58,8.34,13.7,7.42,11.32,2.75,5.7,53.6,1.96,1.75,,15.06,51.6,1.93,1.66,18.0,6.66,41.2,2.18,1.5,,17.1,39.4,2.18,1.43,32.0
Anderson,Anderson,,24/05/2026,200,Freestyle,Heat,False,False,200 m Freestyle,50,,,,,,,,,,,,,,,,,,,,,118.84,27.75,30.26,0.74,12.7,5.26,6.58,,3.33,1.57,8.15,6.2,2.67,11.48,2.9,5.82,39.8,2.59,1.72,,15.35,37.3,2.67,1.66,27.0,6.12,36.8,2.66,1.63,,15.99,36.6,2.59,1.58,32.0
McGill,McGill,,24/05/2026,100,Backstroke,Heat,False,False,100 m Backstroke,50,,,,,,,,,,,,,,,,,,,,,62.61,30.92,31.69,,,,,,,,,,,,,,45.6,,,,,44.5,,,35.0,,46.2,,,,,46.1,,,40.0
Jones,Jones,,24/05/2026,200,IM,Heat,False,False,200 m IM,50,,,,,,,,,,,,,,,,,,,,,121.87,25.56,30.73,,,,,,,,,,,,,,,,,,,,,,,,,,,,,,,,
MacInnes,MacInnes,,24/05/2026,50,Butterfly,Heat,False,False,50 m Butterfly,50,,,,,,,,,,,,,,,,,,,,,26.87,,,,,,,,,,,,,,,,63.8,,,,,65.5,,,,,,,,,,,,,
Jones,Jones,,24/05/2026,4 x 200,Freestyle Mixed Relay,Final,True,True,4 x 200 m Freestyle Mixed Relay,50,,,,,,,,,,,,,,,,,,,,,108.21000000000001,25.09,27.76,,,,,,,,,,,,,,,,,,,,,,,,,,,,,,,,
McMillan,McMillan,,24/05/2026,400,Freestyle,Heat,False,False,400 m Freestyle,50,,,,,,,,,,,,,,,,,,,,,230.91,26.6,29.05,,,,,,,,,,,,,,35.8,,,25.0,,,,,,,32.1,,,28.0,,,,,
Fearn,Fearn,,24/05/2026,100,Freestyle,Heat,False,False,100 m Freestyle,50,,,,,,,,,,,,,,,,,,,,,51.29,24.62,26.67,,,,,,,,,,,,,,49.8,,,,,47.2,,,29.0,,45.9,,,,,45.5,,,35.0
MacInnes,MacInnes,,23/05/2026,200,Butterfly,Final,False,False,200 m Butterfly,50,,,,,,,,,,,,,,,,,,,,,127.1,28.76,32.81,0.66,12.9,5.54,6.76,,3.16,0.76,9.74,7.3,4.4,12.9,3.06,6.2,56.7,1.7,1.61,,15.8,55.0,1.72,1.58,22.0,6.76,54.7,1.62,1.48,,16.31,56.5,1.62,1.53,26.0
Davis,Davis,,23/05/2026,50,Freestyle,Heat,False,False,50 m Freestyle,50,,,,,,,,,,,,,,,,,,,,,25.87,6.62,,,,,,,,,,,,,,,49.2,,,,,52.6,,,,,,,,,,,,,
Anderson,Anderson,,23/05/2026,50,Freestyle,Heat,False,False,50 m Freestyle,50,,,,,,,,,,,,,,,,,,,,,25.34,6.28,5.4,0.68,12.3,4.88,6.28,,,,,,,,2.54,,,,,,5.4,49.4,2.25,1.85,,,,,,,,,,,
Jones,Jones,,23/05/2026,100,Butterfly,Final,False,False,100 m Butterfly,50,,,,,,,,,,,,,,,,,,,,,52.49,24.44,28.05,,,,,,,,,,,,,,,,,,,,,,,,,,,,,,,,
Annis,Annis,,23/05/2026,400,IM,Final,False,False,400 m IM,50,,,,,,,,,,,,,,,,,,,,,265.2,27.91,31.8,,,,,,,,,,,,,,48.6,,,17.0,,,,,,,46.8,,,20.0,,,,,
Smith,Smith,,23/05/2026,400,IM,Heat,False,False,400 m IM,50,,,,,,,,,,,,,,,,,,,,,267.49,27.95,30.74,,,,,,,,,,,,,,49.7,,,18.0,,,,,,,49.0,,,21.0,,,,,
Davis,Davis,,23/05/2026,4 x 100,Medley Relay,Final,True,False,4 x 100 m Medley Relay,50,,,,,,,,,,,,,,,,,,,,,54.49,26.02,28.47,0.36,13.3,5.32,6.3,,3.2,1.36,7.82,8.6,4.06,11.02,2.79,5.42,52.4,2.12,1.85,,14.3,51.1,2.11,1.8,33.0,5.78,51.3,2.02,1.73,,14.87,47.7,2.09,1.66,39.0
Evans,Evans,,23/05/2026,200,Breaststroke,Final,False,False,200 m Breaststroke,50,,,,,,,,,,,,,,,,,,,,,141.81,31.97,34.94,0.72,13.4,6.58,7.6,,3.23,0.73,10.07,9.3,5.95,13.3,3.69,7.0,35.4,2.42,1.43,,17.37,33.6,2.52,1.41,15.0,7.1,35.2,2.4,1.41,,17.77,37.1,2.23,1.38,18.0
McMillan,McMillan,,23/05/2026,4 x 100,Freestyle Relay,Final,True,False,4 x 100 m Freestyle Relay,50,,,,,,,,,,,,,,,,,,,,,48.71,23.93,24.78,0.64,13.2,4.72,5.68,,2.83,1.09,6.85,10.1,4.63,9.68,2.43,5.2,43.6,2.64,1.92,,13.05,45.6,2.58,1.96,28.0,5.12,44.9,2.61,1.95,,12.81,46.4,2.5,1.93,31.0
Annis,Annis,,23/05/2026,400,IM,Heat,False,False,400 m IM,50,,,,,,,,,,,,,,,,,,,,,269.74,27.83,31.36,,,,,,,,,,,,,,48.1,,,17.0,,,,,,,47.8,,,20.0,,,,,
Fearn,Fearn,,23/05/2026,100,Butterfly,Heat,False,False,100 m Butterfly,50,,,,,,,,,,,,,,,,,,,,,53.56,25.37,28.19,0.66,13.3,5.14,6.0,,2.65,0.69,8.27,12.0,6.49,10.92,2.72,5.44,57.1,1.93,1.84,,13.93,54.4,1.95,1.77,18.0,5.6,55.6,1.93,1.79,,14.32,56.0,1.84,1.72,20.0
Smith,Smith,,23/05/2026,400,IM,Final,False,False,400 m IM,50,,,,,,,,,,,,,,,,,,,,,266.6,27.54,31.52,,,,,,,,,,,,,,48.9,,,18.0,,,,,,,48.3,,,21.0,,,,,
Anderson,Anderson,,23/05/2026,50,Freestyle,Final,False,False,50 m Freestyle,50,,,,,,,,,,,,,,,,,,,,,25.18,6.28,5.36,0.7,12.8,5.14,6.28,,,,,,,,2.44,,,,,,5.36,49.2,2.28,1.87,,,,,,,,,,,
MacInnes,MacInnes,,23/05/2026,200,Butterfly,Heat,False,False,200 m Butterfly,50,,,,,,,,,,,,,,,,,,,,,130.22,29.29,32.87,,,,,,,,,,,,,,55.8,,,,,53.3,,,21.0,,54.4,,,,,55.3,,,26.0
Evans,Evans,,23/05/2026,4 x 100,Medley Relay,Final,True,False,4 x 100 m Medley Relay,50,,,,,,,,,,,,,,,,,,,,,64.81,30.53,34.28,0.3,13.4,6.04,7.2,,3.19,0.81,10.31,9.0,5.83,13.5,3.21,6.74,43.3,2.05,1.48,,16.59,42.6,2.1,1.49,18.0,6.66,44.8,2.01,1.5,,17.31,44.4,1.92,1.42,21.0
Dean,Dean,,23/05/2026,4 x 100,Freestyle Relay,Final,True,False,4 x 100 m Freestyle Relay,50,,,,,,,,,,,,,,,,,,,,,49.36,23.69,25.67,0.33,13.4,4.5,5.3,,2.92,1.12,7.04,9.7,4.21,9.96,2.43,5.13,46.8,2.5,1.95,,13.26,44.7,2.59,1.93,28.0,5.2,45.2,2.55,1.92,,13.43,45.7,2.39,1.82,32.0
Evans,Evans,,23/05/2026,200,Breaststroke,Heat,False,False,200 m Breaststroke,50,,,,,,,,,,,,,,,,,,,,,146.55,32.92,36.23,,,,,,,,,,,,,,36.5,,,,,31.2,,,15.0,,33.4,,,,,33.5,,,17.0
Scott,Scott,,23/05/2026,4 x 100,Freestyle Relay,Final,True,False,4 x 100 m Freestyle Relay,50,,,,,,,,,,,,,,,,,,,,,47.85,22.87,24.98,0.38,13.2,4.36,5.2,,2.75,1.27,6.61,11.6,4.55,9.36,2.37,4.88,53.6,2.29,2.05,,12.79,49.0,2.44,1.99,29.0,5.3,51.8,2.19,1.89,,13.07,51.0,2.2,1.87,34.0
Fearn,Fearn,,23/05/2026,100,Butterfly,Final,False,False,100 m Butterfly,50,,,,,,,,,,,,,,,,,,,,,53.48,25.15,28.33,0.64,13.4,5.2,5.9,,2.49,0.77,8.37,12.3,6.85,10.86,2.84,5.52,57.1,1.9,1.81,,13.73,54.4,1.96,1.78,18.0,5.52,56.4,1.93,1.81,,14.44,56.2,1.84,1.72,20.0
Davies,Davies,,21/05/2026,400,IM Time,Trial,False,False,400 m IM Time,50,,,,,,,,,,,,,,,,,,,,,275.97,29.37,33.73,,,,,,,,,,,,,,41.8,,,16.0,,,,,,,44.3,,,18.0,,,,,
Scott,Scott,,19/04/2026,200,Freestyle,Final,False,False,200 m Freestyle,50,,,,,,,,,,,,,,,,,,,,,105.44,24.45,26.23,0.66,13.0,4.58,5.6,,2.85,1.33,7.03,9.1,3.81,9.88,2.6,5.32,47.5,2.37,1.88,,13.53,45.9,2.44,1.87,29.0,5.34,46.1,2.43,1.87,,13.86,44.5,2.45,1.82,32.0
McMillan,McMillan,,19/04/2026,200,Freestyle,Final,False,False,200 m Freestyle,50,,,,,,,,,,,,,,,,,,,,,105.91,24.9,26.69,0.64,13.0,4.74,5.76,,2.9,1.26,7.1,7.7,3.04,10.0,2.73,5.36,40.6,2.76,1.87,,13.78,39.8,2.77,1.84,26.0,5.6,38.1,2.82,1.79,,13.99,38.8,2.8,1.81,30.0
Annis,Annis,,19/04/2026,200,Freestyle,Heat,False,False,200 m Freestyle,50,,,,,,,,,,,,,,,,,,,,,109.77000000000001,25.67,27.8,0.64,14.4,5.6,6.0,,2.99,1.33,7.63,7.2,3.13,10.62,2.69,5.48,43.6,2.5,1.82,,14.19,42.4,2.53,1.79,27.0,5.7,41.0,2.56,1.75,,14.47,40.6,2.57,1.74,32.0
Smith,Smith,,19/04/2026,200,Freestyle,Heat,False,False,200 m Freestyle,50,,,,,,,,,,,,,,,,,,,,,109.25,25.47,27.25,0.66,12.7,4.84,6.04,,2.99,1.25,7.39,6.8,2.87,10.38,2.67,5.34,45.9,2.44,1.87,,14.09,43.4,2.49,1.8,29.0,5.56,44.4,2.43,1.8,,14.3,43.3,2.48,1.79,34.0
Scott,Scott,,19/04/2026,200,Freestyle,Heat,False,False,200 m Freestyle,50,,,,,,,,,,,,,,,,,,,,,107.25999999999999,24.98,26.78,0.66,13.3,4.94,5.84,,2.76,1.54,7.26,9.1,4.02,10.02,2.5,5.4,46.8,2.37,1.85,,13.74,43.7,2.5,1.82,28.0,5.44,44.8,2.46,1.84,,14.08,42.0,2.56,1.79,31.0
Evans,Evans,,19/04/2026,100,Breaststroke,Heat,False,False,100 m Breaststroke,50,,,,,,,,,,,,,,,,,,,,,66.15,31.58,34.57,0.68,13.5,6.68,7.72,,3.34,0.78,10.04,8.8,6.0,13.38,3.33,7.04,36.5,2.33,1.42,,16.82,41.6,2.13,1.48,17.0,6.96,43.9,1.97,1.44,,17.57,43.3,1.94,1.4,21.0
Fearn,Fearn,,19/04/2026,50,Butterfly,Heat,False,False,50 m Butterfly,50,,,,,,,,,,,,,,,,,,,,,23.92,5.68,5.24,0.62,13.5,5.0,5.68,,,,,,,,2.52,,,,,,5.24,67.5,1.7,1.91,,,,,,,,,,,
McMillan,McMillan,,19/04/2026,200,Freestyle,Heat,False,False,200 m Freestyle,50,,,,,,,,,,,,,,,,,,,,,107.37,25.43,27.32,0.64,12.8,4.78,5.94,,3.05,1.27,7.39,8.0,3.29,10.44,2.65,5.5,39.2,2.79,1.82,,13.99,38.8,2.83,1.83,26.0,5.66,36.3,2.93,1.77,,14.27,38.0,2.78,1.76,29.0
Davies,Davies,,19/04/2026,200,Backstroke,Heat,False,False,200 m Backstroke,50,,,,,,,,,,,,,,,,,,,,,130.73,29.6,32.47,,,,,,,,,,,,,,40.4,,,,,38.5,,,29.0,,36.6,,,,,37.3,,,30.0
Evans,Evans,,19/04/2026,100,Breaststroke,Final,False,False,100 m Breaststroke,50,,,,,,,,,,,,,,,,,,,,,64.96,30.88,34.08,0.72,12.7,6.0,7.76,,3.2,0.68,9.96,8.8,5.5,13.16,3.3,6.52,42.7,2.15,1.53,,16.6,43.2,2.07,1.49,18.0,6.66,46.1,1.95,1.5,,17.46,45.8,1.85,1.41,22.0
Robertson,Robertson,,19/04/2026,50,Butterfly,B-Final,False,False,50 m Butterfly,50,,,,,,,,,,,,,,,,,,,,,24.15,5.66,5.26,0.64,13.7,5.08,5.66,,,,,,,,2.51,,,,,,5.26,62.4,1.83,1.9,,,,,,,,,,,
Fearn,Fearn,,19/04/2026,200,Backstroke,Heat,False,False,200 m Backstroke,50,,,,,,,,,,,,,,,,,,,,,122.78,28.64,31.34,0.66,13.9,6.0,6.64,,3.5,1.88,7.96,10.4,4.76,11.46,2.84,6.12,40.9,2.39,1.63,,15.88,38.9,2.5,1.62,28.0,6.68,37.9,2.37,1.5,,16.7,38.7,2.33,1.5,32.0
Fearn,Fearn,,19/04/2026,200,Backstroke,C-Final,False,False,200 m Backstroke,50,,,,,,,,,,,,,,,,,,,,,120.47,28.01,31.28,0.64,13.9,5.9,6.58,,3.23,1.65,7.99,10.1,4.85,11.22,2.77,6.0,43.4,2.31,1.67,,15.43,41.5,2.37,1.64,29.0,6.58,37.9,2.41,1.52,,16.71,38.7,2.31,1.49,32.0
Robertson,Robertson,,19/04/2026,50,Butterfly,Heat,False,False,50 m Butterfly,50,,,,,,,,,,,,,,,,,,,,,24.14,5.72,5.18,0.66,14.0,5.26,5.72,,,,,,,,2.56,,,,,,5.18,65.7,1.76,1.93,,,,,,,,,,,
Fearn,Fearn,,19/04/2026,50,Butterfly,Final,False,False,50 m Butterfly,50,,,,,,,,,,,,,,,,,,,,,23.66,5.6,5.14,0.62,13.6,4.94,5.6,,,,,,,,2.46,,,,,,5.14,70.2,1.67,1.95,,,,,,,,,,,
MacInnes,MacInnes,,18/04/2026,100,Butterfly,Final,False,False,100 m Butterfly,50,,,,,,,,,,,,,,,,,,,,,57.57,26.79,30.78,0.64,13.6,5.82,6.42,,2.83,0.67,9.03,8.4,4.85,11.86,2.99,5.74,63.5,1.64,1.74,,14.63,63.8,1.59,1.69,22.0,6.04,62.6,1.59,1.66,,15.71,60.5,1.56,1.57,26.0
Dickson,Dickson,,18/04/2026,200,Breaststroke,Heat,False,False,200 m Breaststroke,50,,,,,,,,,,,,,,,,,,,,,137.28,30.94,34.89,0.68,14.5,6.34,6.84,,3.6,0.68,9.5,10.7,6.46,13.1,3.58,6.62,39.8,2.28,1.51,,17.48,36.9,2.34,1.44,16.0,7.46,36.8,2.18,1.34,,17.93,37.7,2.18,1.37,18.0
MacInnes,MacInnes,,18/04/2026,100,Butterfly,Heat,False,False,100 m Butterfly,50,,,,,,,,,,,,,,,,,,,,,57.93,27.03,30.9,0.66,14.0,6.04,6.54,,2.79,0.69,9.07,8.4,4.93,11.86,2.99,5.72,62.4,1.68,1.75,,14.77,61.7,1.62,1.67,22.0,6.02,61.9,1.61,1.66,,15.81,60.7,1.54,1.56,26.0
Grieve,Grieve,,18/04/2026,100,Butterfly,Heat,False,False,100 m Butterfly,50,,,,,,,,,,,,,,,,,,,,,59.05,27.92,31.13,0.7,13.4,5.76,6.52,,3.18,0.6,8.62,11.0,5.74,11.8,3.05,6.2,60.3,1.6,1.61,,15.2,58.2,1.71,1.66,21.0,6.44,59.5,1.56,1.55,,16.07,58.5,1.58,1.54,25.0
Smith,Smith,,18/04/2026,200,Breaststroke,Heat,False,False,200 m Breaststroke,50,,,,,,,,,,,,,,,,,,,,,133.21,30.1,33.55,0.64,16.2,7.48,6.7,,3.16,0.68,9.32,12.4,7.02,12.48,3.31,6.68,39.2,2.3,1.5,,16.72,36.5,2.42,1.47,14.0,7.0,36.9,2.33,1.43,,17.23,35.3,2.43,1.43,16.0
Dobson,Dobson,,18/04/2026,200,Breaststroke,B-Final,False,False,200 m Breaststroke,50,,,,,,,,,,,,,,,,,,,,,136.27,31.91,34.12,,,,,,,,,,,,,,,,,,,,,,,,,,,,,,,,
McNair,McNair,,18/04/2026,200,IM,Heat,False,False,200 m IM,50,,,,,,,,,,,,,,,,,,,,,137.06,28.84,33.85,0.78,12.5,5.54,7.04,,3.08,0.82,9.82,7.8,4.88,12.9,3.02,6.2,52.9,1.83,1.61,,15.6,51.3,1.87,1.6,20.0,6.9,40.8,2.13,1.45,,17.13,39.1,2.23,1.45,37.0
Smith,Smith,,18/04/2026,200,Breaststroke,Final,False,False,200 m Breaststroke,50,,,,,,,,,,,,,,,,,,,,,134.02,29.91,33.5,0.64,16.1,7.36,6.58,,3.29,0.65,9.19,11.2,6.71,12.48,3.4,6.66,38.9,2.31,1.5,,16.67,37.2,2.4,1.49,14.0,7.04,37.4,2.28,1.42,,17.27,36.4,2.36,1.43,16.0
Dickson,Dickson,,18/04/2026,200,Breaststroke,B-Final,False,False,200 m Breaststroke,50,,,,,,,,,,,,,,,,,,,,,135.87,30.34,34.48,0.64,14.4,6.24,6.74,,3.32,0.54,9.58,10.3,6.06,12.9,3.55,6.56,46.8,1.95,1.52,,17.04,42.1,2.08,1.46,17.0,7.1,41.8,2.02,1.41,,17.8,39.3,2.11,1.38,19.0
Grieve,Grieve,,18/04/2026,100,Butterfly,Final,False,False,100 m Butterfly,50,,,,,,,,,,,,,,,,,,,,,58.56,27.46,31.1,0.68,13.2,5.56,6.62,,3.12,0.64,8.74,10.3,5.6,11.86,3.16,5.94,61.2,1.65,1.68,,14.9,62.0,1.65,1.7,22.0,6.14,60.7,1.61,1.63,,16.22,60.7,1.51,1.53,26.0
Davies,Davies,,17/04/2026,200,IM,B-Final,False,False,200 m IM,50,,,,,,,,,,,,,,,,,,,,,124.8,26.43,31.53,0.68,13.1,5.34,6.28,,2.69,0.81,8.59,12.1,6.73,11.28,2.76,5.88,52.6,1.94,1.7,,14.27,52.3,1.98,1.73,18.0,6.64,39.4,2.3,1.51,,16.3,40.2,2.24,1.5,33.0
Ferguson,Ferguson,,17/04/2026,50,Backstroke,Heat,False,False,50 m Backstroke,50,,,,,,,,,,,,,,,,,,,,,25.2,6.52,5.28,0.54,12.9,5.42,6.52,,,,,,,,2.46,,,,,,5.28,64.7,1.75,1.89,,,,,,,,,,,
Ferguson,Ferguson,,17/04/2026,50,Backstroke,Final,False,False,50 m Backstroke,50,,,,,,,,,,,,,,,,,,,,,25.41,6.72,5.22,0.56,13.4,5.82,6.72,,,,,,,,2.51,,,,,,5.22,63.5,1.81,1.92,,,,,,,,,,,
Annis,Annis,,17/04/2026,200,IM,Heat,False,False,200 m IM,50,,,,,,,,,,,,,,,,,,,,,120.71,25.8,29.68,0.64,,5.56,5.86,,2.96,0.78,8.22,13.5,6.34,11.18,2.73,5.66,54.1,1.96,1.77,,14.28,52.0,2.04,1.77,18.0,6.02,42.1,2.37,1.66,,15.44,41.8,2.33,1.62,32.0
Davies,Davies,,17/04/2026,200,IM,Heat,False,False,200 m IM,50,,,,,,,,,,,,,,,,,,,,,125.51,26.43,31.67,0.72,12.8,5.1,6.32,,2.95,0.83,8.69,12.4,6.91,11.64,2.79,5.58,50.7,2.12,1.79,,14.53,50.1,2.07,1.73,18.0,6.42,40.9,2.29,1.56,,16.56,39.8,2.25,1.49,33.0
Shanahan,Shanahan,,17/04/2026,200,Backstroke,Heat,False,False,200 m Backstroke,50,,,,,,,,,,,,,,,,,,,,,131.96,30.62,32.71,0.7,13.5,6.74,7.72,,3.62,1.3,8.68,12.5,6.14,12.3,3.52,6.3,42.0,2.27,1.59,,16.6,40.2,2.3,1.54,31.0,6.66,38.6,2.33,1.5,,17.37,37.1,2.36,1.46,32.0
Shanahan,Shanahan,,17/04/2026,200,Backstroke,Final,False,False,200 m Backstroke,50,,,,,,,,,,,,,,,,,,,,,129.89,30.83,32.32,0.68,13.1,6.48,7.76,,3.59,1.67,8.45,11.0,5.87,12.04,3.33,6.4,41.7,2.24,1.56,,16.67,38.7,2.37,1.53,30.0,6.66,38.6,2.33,1.5,,17.21,38.6,2.3,1.48,32.0
Scott,Scott,,17/04/2026,200,IM,Final,False,False,200 m IM,50,,,,,,,,,,,,,,,,,,,,,116.08,25.04,29.03,0.66,12.6,4.54,5.8,,2.72,0.82,7.84,13.5,6.94,10.56,2.56,5.54,52.0,2.09,1.81,,13.7,52.3,2.09,1.82,18.0,6.1,42.9,2.29,1.64,,15.09,41.2,2.37,1.63,30.0
McNair,McNair,,17/04/2026,200,Backstroke,B-Final,False,False,200 m Backstroke,50,,,,,,,,,,,,,,,,,,,,,138.11,31.94,34.33,0.66,13.2,6.62,7.84,,3.82,1.32,9.0,8.7,4.52,12.82,3.35,6.7,43.2,2.07,1.49,,17.4,40.5,2.18,1.47,33.0,7.0,39.1,2.19,1.43,,18.33,37.5,2.22,1.39,36.0
McGill,McGill,,17/04/2026,200,Backstroke,Final,False,False,200 m Backstroke,50,,,,,,,,,,,,,,,,,,,,,131.71,31.51,32.94,0.66,11.8,6.0,8.1,,3.53,1.31,8.77,8.0,4.07,12.3,3.51,6.68,42.7,2.11,1.5,,16.73,41.7,2.19,1.52,34.0,6.8,40.9,2.16,1.47,,17.37,40.0,2.17,1.45,37.0
Scott,Scott,,17/04/2026,200,IM,Heat,False,False,200 m IM,50,,,,,,,,,,,,,,,,,,,,,118.84,25.72,29.59,0.64,13.1,4.78,5.84,,2.84,0.52,7.66,13.5,6.8,10.5,2.62,5.5,51.6,2.12,1.82,,14.38,48.4,2.14,1.73,17.0,6.2,42.2,2.29,1.61,,15.73,37.6,2.49,1.56,29.0
Fearn,Fearn,,17/04/2026,100,Butterfly,C-Final,False,False,100 m Butterfly,50,,,,,,,,,,,,,,,,,,,,,53.02,24.28,28.74,0.62,13.9,5.16,5.72,,2.62,0.8,8.08,12.5,6.4,10.7,2.68,5.32,60.8,1.86,1.88,,13.24,58.1,1.94,1.88,19.0,5.88,59.4,1.72,1.7,,14.78,57.6,1.72,1.65,21.0
Robertson,Robertson,,17/04/2026,100,Butterfly,Heat,False,False,100 m Butterfly,50,,,,,,,,,,,,,,,,,,,,,53.27,24.71,28.56,0.64,14.2,5.46,5.82,,2.49,0.63,7.83,11.9,6.09,10.32,2.81,5.34,56.1,2.0,1.87,,13.55,57.6,1.89,1.81,18.0,6.0,58.8,1.7,1.67,,14.73,57.1,1.77,1.68,21.0
McNair,McNair,,17/04/2026,200,Backstroke,Heat,False,False,200 m Backstroke,50,,,,,,,,,,,,,,,,,,,,,136.95,32.09,34.11,0.68,13.5,6.9,7.98,,3.79,1.39,9.09,10.2,5.57,12.88,3.37,6.54,42.2,2.18,1.53,,17.57,39.7,2.19,1.45,32.0,6.92,38.4,2.27,1.45,,18.1,37.3,2.25,1.4,34.0
Grieve,Grieve,,17/04/2026,50,Butterfly,Heat,False,False,50 m Butterfly,50,,,,,,,,,,,,,,,,,,,,,26.79,6.42,5.86,0.68,13.5,5.62,6.42,,,,,,,,2.61,,,,,,5.86,64.7,1.59,1.71,,,,,,,,,,,
Fearn,Fearn,,17/04/2026,100,Butterfly,Heat,False,False,100 m Butterfly,50,,,,,,,,,,,,,,,,,,,,,53.44,24.43,29.01,0.64,13.5,5.02,5.78,,2.67,0.87,8.47,11.8,6.49,11.14,2.9,5.34,60.5,1.85,1.87,,13.31,57.8,1.95,1.88,19.0,5.66,56.7,1.87,1.77,,14.88,56.1,1.79,1.67,21.0
Robertson,Robertson,,17/04/2026,100,Butterfly,B-Final,False,False,100 m Butterfly,50,,,,,,,,,,,,,,,,,,,,,53.24,24.94,28.3,0.64,14.2,5.46,5.82,,2.6,0.5,7.96,11.7,5.96,10.56,2.72,5.44,59.6,1.85,1.84,,13.68,57.3,1.9,1.81,18.0,5.78,58.3,1.78,1.73,,14.56,57.7,1.76,1.69,21.0
Annis,Annis,,17/04/2026,200,IM,Final,False,False,200 m IM,50,,,,,,,,,,,,,,,,,,,,,120.6,25.93,29.83,0.66,14.3,5.54,5.9,,2.93,0.65,8.11,12.0,6.21,11.04,2.58,5.7,54.7,1.92,1.75,,14.33,52.4,2.0,1.75,18.0,6.18,42.3,2.3,1.62,,15.54,40.7,2.34,1.59,32.0
Ferguson,Ferguson,,16/04/2026,100,Backstroke,Final,False,False,100 m Backstroke,50,,,,,,,,,,,,,,,,,,,,,55.46,27.01,28.45,0.62,14.5,6.42,6.66,,3.23,1.39,7.81,9.6,4.75,11.04,2.74,5.6,55.1,1.95,1.79,,14.75,51.8,2.02,1.74,34.0,5.78,56.2,1.85,1.73,,14.86,53.4,1.85,1.65,42.0
Fearn,Fearn,,16/04/2026,100,Backstroke,Final,False,False,100 m Backstroke,50,,,,,,,,,,,,,,,,,,,,,55.37,26.6,28.77,0.62,14.2,6.0,6.4,,3.26,1.44,7.56,12.9,6.24,10.82,2.85,5.56,51.3,2.11,1.8,,14.64,48.5,2.18,1.76,32.0,5.98,48.6,2.06,1.67,,15.23,47.1,2.06,1.62,35.0
McMillan,McMillan,,16/04/2026,100,Freestyle,Final,False,False,100 m Freestyle,50,,,,,,,,,,,,,,,,,,,,,48.61,23.46,25.15,0.66,12.9,4.62,5.62,,2.72,1.2,6.8,8.9,3.72,9.52,2.51,5.04,47.8,2.49,1.98,,12.8,46.0,2.58,1.98,28.0,5.12,44.7,2.62,1.95,,13.23,45.8,2.45,1.87,32.0
Annis,Annis,,16/04/2026,100,Backstroke,Final,False,False,100 m Backstroke,50,,,,,,,,,,,,,,,,,,,,,55.03,26.64,28.39,0.6,14.5,6.04,6.32,,3.18,1.08,7.26,13.2,6.12,10.44,2.85,5.6,51.5,2.09,1.79,,14.72,47.5,2.19,1.73,32.0,5.92,47.7,2.13,1.69,,15.21,46.4,2.09,1.62,34.0
Robertson,Robertson,,16/04/2026,100,Freestyle,Heat,False,False,100 m Freestyle,50,,,,,,,,,,,,,,,,,,,,,50.46,24.28,26.18,0.68,13.8,5.26,5.92,,2.78,0.98,7.18,9.6,4.44,9.96,2.56,5.16,50.8,2.29,1.94,,13.2,51.0,2.26,1.92,31.0,5.36,52.1,2.15,1.87,,13.64,50.1,2.17,1.81,36.0
Anderson,Anderson,,16/04/2026,200,Freestyle,Final,False,False,200 m Freestyle,50,,,,,,,,,,,,,,,,,,,,,117.0,27.53,29.44,0.72,12.2,5.04,6.66,,3.21,1.35,7.93,5.6,2.31,11.14,2.9,5.84,40.4,2.54,1.71,,15.03,40.5,2.5,1.69,29.0,6.08,38.9,2.53,1.64,,15.43,39.8,2.49,1.65,34.0
Davis,Davis,,16/04/2026,200,Freestyle,Heat,False,False,200 m Freestyle,50,,,,,,,,,,,,,,,,,,,,,120.93,28.08,30.19,0.7,12.4,5.16,6.62,,3.5,1.18,8.16,6.7,3.08,11.66,2.95,5.88,46.2,2.21,1.7,,15.58,43.0,2.32,1.66,32.0,6.34,43.9,2.16,1.58,,15.69,42.8,2.29,1.63,37.0
Evans,Evans,,16/04/2026,200,Breaststroke,Final,False,False,200 m Breaststroke,50,,,,,,,,,,,,,,,,,,,,,139.7,31.97,35.26,0.7,12.8,6.08,7.58,,3.29,0.71,10.47,9.6,6.19,13.76,3.42,6.96,37.0,2.34,1.44,,17.43,33.1,2.56,1.41,15.0,7.0,33.1,2.59,1.43,,17.79,33.5,2.49,1.39,16.0
McMillan,McMillan,,16/04/2026,100,Freestyle,Heat,False,False,100 m Freestyle,50,,,,,,,,,,,,,,,,,,,,,48.37,23.36,25.01,0.64,13.9,4.56,5.56,,2.6,1.14,6.84,8.9,3.72,9.44,2.43,5.04,48.7,2.44,1.98,,12.76,46.4,2.55,1.97,28.0,5.1,45.3,2.6,1.96,,13.07,46.2,2.44,1.88,32.0
Davis,Davis,,16/04/2026,200,Freestyle,Final,False,False,200 m Freestyle,50,,,,,,,,,,,,,,,,,,,,,119.75,27.69,29.87,0.7,12.5,5.12,6.56,,3.33,1.43,7.99,7.4,2.81,11.32,2.97,5.78,45.9,2.26,1.73,,15.35,41.9,2.38,1.66,31.0,6.2,44.1,2.19,1.61,,15.68,42.8,2.26,1.61,37.0
Evans,Evans,,16/04/2026,200,Breaststroke,Heat,False,False,200 m Breaststroke,50,,,,,,,,,,,,,,,,,,,,,145.6,32.97,36.12,0.72,13.5,6.76,7.86,,3.23,0.71,10.53,9.3,6.09,13.76,3.84,7.1,34.6,2.45,1.41,,18.01,29.4,2.76,1.35,14.0,7.22,30.8,2.71,1.39,,18.37,32.1,2.5,1.34,16.0
McNair,McNair,,16/04/2026,200,Freestyle,Heat,False,False,200 m Freestyle,50,,,,,,,,,,,,,,,,,,,,,123.89,29.49,30.61,0.78,13.2,5.92,7.02,,3.63,1.57,8.27,9.6,4.71,11.9,2.99,6.16,,,1.62,,16.31,,,1.58,,6.1,,,1.64,,16.24,,,1.57,
Anderson,Anderson,,16/04/2026,200,Freestyle,Heat,False,False,200 m Freestyle,50,,,,,,,,,,,,,,,,,,,,,118.47999999999999,27.96,29.76,0.74,12.0,5.12,6.82,,3.28,1.76,7.98,6.0,2.56,11.26,3.06,5.78,39.6,2.62,1.73,,15.36,39.7,2.51,1.66,28.0,6.16,39.8,2.44,1.62,,15.62,39.0,2.49,1.62,34.0
Annis,Annis,,16/04/2026,100,Backstroke,Heat,False,False,100 m Backstroke,50,,,,,,,,,,,,,,,,,,,,,54.25,26.25,28.0,6.18,14.85,6.18,6.28,,3.17,1.27,7.17,12.3,5.57,10.34,2.83,5.46,50.9,2.16,1.83,,14.51,49.0,2.16,1.76,31.0,5.86,50.4,2.04,1.71,,14.97,46.9,2.11,1.65,35.0
Hope,Hope,,16/04/2026,200,Freestyle,Heat,False,False,200 m Freestyle,50,,,,,,,,,,,,,,,,,,,,,121.03,28.35,30.43,0.72,11.1,4.62,6.9,,3.39,1.43,8.13,6.1,2.77,11.52,,5.94,45.5,2.22,1.68,,15.51,42.6,2.32,1.65,33.0,6.3,44.8,2.13,1.59,,16.0,42.9,2.24,1.6,39.0
Smith,Smith,,15/04/2026,400,IM,Final,False,False,400 m IM,50,,,,,,,,,,,,,,,,,,,,,258.39,27.16,30.97,0.7,13.1,5.24,6.22,,3.26,0.74,8.84,9.3,5.4,12.1,2.73,20.94,49.3,2.07,1.7,18.0,,,,,,22.13,48.9,1.94,1.58,21.0,,,,,
Davies,Davies,,15/04/2026,400,IM,B-Final,False,False,400 m IM,50,,,,,,,,,,,,,,,,,,,,,267.91,28.28,32.12,0.74,13.5,5.58,6.36,,3.2,0.52,8.68,11.7,6.62,11.88,2.89,21.92,42.7,2.25,1.6,16.0,,,,,,23.44,43.6,2.04,1.48,18.0,,,,,
Shanahan,Shanahan,,15/04/2026,100,Backstroke,Heat,False,False,100 m Backstroke,50,,,,,,,,,,,,,,,,,,,,,61.97,30.49,31.48,0.74,13.1,6.56,7.74,,3.63,1.67,8.43,12.3,6.51,12.06,3.19,6.28,43.9,2.17,1.59,,16.47,42.0,2.23,1.56,32.0,6.5,44.0,2.1,1.54,,16.55,43.5,2.07,1.5,35.0
Annis,Annis,,15/04/2026,400,IM,Heat,False,False,400 m IM,50,,,,,,,,,,,,,,,,,,,,,262.92,27.31,31.12,0.66,14.0,5.62,6.1,,2.87,0.73,8.65,10.8,6.43,11.52,2.8,21.21,48.2,2.04,1.64,17.0,,,,,,22.47,46.9,1.97,1.54,19.0,,,,,
Smith,Smith,,15/04/2026,400,IM,Heat,False,False,400 m IM,50,,,,,,,,,,,,,,,,,,,,,261.95,26.71,30.89,0.7,13.0,5.18,6.24,,2.89,0.95,9.05,8.7,5.31,11.94,2.91,20.47,49.5,2.07,1.71,18.0,,,,,,21.84,48.3,1.98,1.59,21.0,,,,,
Davies,Davies,,15/04/2026,400,IM,Heat,False,False,400 m IM,50,,,,,,,,,,,,,,,,,,,,,269.92,27.92,32.11,0.74,13.0,5.36,6.34,,2.86,0.6,8.68,11.4,6.38,11.54,2.86,21.58,42.8,2.24,1.6,16.0,,,,,,23.43,43.0,2.08,1.49,18.0,,,,,
McNair,McNair,,15/04/2026,400,IM,Heat,False,False,400 m IM,50,,,,,,,,,,,,,,,,,,,,,290.4,29.6,33.98,0.78,12.1,5.26,7.02,,3.28,0.96,9.82,8.9,5.62,13.1,3.34,22.58,49.4,1.88,1.55,20.0,,,,,,24.16,47.9,1.8,1.44,22.0,,,,,
Scott,Scott,,15/04/2026,200,Butterfly,Heat,False,False,200 m Butterfly,50,,,,,,,,,,,,,,,,,,,,,118.31,26.31,29.36,0.66,12.6,4.64,5.96,,2.95,0.55,8.39,10.2,5.37,11.34,3.13,5.66,49.6,2.14,1.77,,14.69,47.6,2.14,1.7,17.0,5.92,47.9,2.12,1.69,,15.05,47.5,2.07,1.64,19.0
McNair,McNair,,15/04/2026,400,IM,Final,False,False,400 m IM,50,,,,,,,,,,,,,,,,,,,,,287.32,29.62,34.04,0.8,11.7,5.26,7.2,,3.42,0.76,9.74,8.0,5.12,13.16,3.08,22.42,49.4,1.92,1.58,20.0,,,,,,24.3,46.4,1.85,1.43,22.0,,,,,
Scott,Scott,,15/04/2026,200,Butterfly,Final,False,False,200 m Butterfly,50,,,,,,,,,,,,,,,,,,,,,114.97,25.66,28.5,0.64,12.7,4.64,5.9,,2.78,0.84,8.2,9.4,5.12,10.98,2.93,5.6,52.6,2.04,1.79,,14.16,49.4,2.14,1.76,18.0,5.82,49.9,2.07,1.72,,14.48,50.7,2.02,1.71,20.0
Dickson,Dickson,,15/04/2026,50,Breaststroke,Heat,False,False,50 m Breaststroke,50,,,,,,,,,,,,,,,,,,,,,28.26,6.9,6.04,0.6,13.1,5.46,6.9,,,,,,,,2.92,,66.7,,,,6.04,61.3,1.62,1.66,,,,,,,,,,,
Shanahan,Shanahan,,15/04/2026,100,Backstroke,Final,False,False,100 m Backstroke,50,,,,,,,,,,,,,,,,,,,,,61.1,29.96,31.14,0.72,13.6,6.74,7.66,,3.48,1.64,8.46,11.9,6.3,11.94,3.12,6.22,44.5,2.17,1.61,,16.08,44.0,2.17,1.59,32.0,6.4,45.1,2.08,1.56,,16.28,43.8,2.08,1.52,36.0
Annis,Annis,,15/04/2026,400,IM,Final,False,False,400 m IM,50,,,,,,,,,,,,,,,,,,,,,258.54,26.96,30.74,0.66,14.0,5.48,5.98,,3.02,0.82,8.82,11.0,6.1,11.84,2.56,20.98,49.3,2.03,1.67,17.0,,,,,,21.92,47.5,2.0,1.58,19.0,,,,,
Dickson,Dickson,,15/04/2026,50,Breaststroke,B-Final,False,False,50 m Breaststroke,50,,,,,,,,,,,,,,,,,,,,,28.01,6.56,6.1,0.66,12.7,5.1,6.56,,,,,,,,2.87,,65.2,,,,6.1,70.0,1.41,1.64,,,,,,,,,,,
McNair,McNair,,14/04/2026,100,Freestyle,Heat,False,False,100 m Freestyle,50,,,,,,,,,,,,,,,,,,,,,57.37,27.69,29.68,0.72,12.9,5.54,6.72,,3.19,1.43,8.05,9.4,4.47,11.24,2.79,5.86,50.8,2.02,1.71,,15.11,47.6,2.12,1.68,33.0,6.22,45.1,2.14,1.61,,15.41,45.1,2.1,1.58,37.0
Dobson,Dobson,,14/04/2026,100,Breaststroke,Heat,False,False,100 m Breaststroke,50,,,,,,,,,,,,,,,,,,,,,62.34,28.98,33.36,0.68,14.3,6.28,6.82,,3.04,0.72,9.66,9.0,5.58,12.7,3.2,6.26,52.9,1.81,1.6,,15.9,52.2,1.79,1.56,20.0,6.6,55.0,1.66,1.52,,17.1,53.1,1.63,1.44,24.0
Dobson,Dobson,,14/04/2026,100,Breaststroke,Final,False,False,100 m Breaststroke,50,,,,,,,,,,,,,,,,,,,,,61.66,29.23,32.43,0.7,14.6,6.54,6.76,,3.01,0.61,9.17,10.2,5.91,12.18,3.04,6.48,45.2,2.04,1.54,,15.99,50.0,1.85,1.54,18.0,6.7,53.5,1.67,1.49,,16.56,54.6,1.63,1.48,24.0
MacInnes,MacInnes,,14/04/2026,200,Butterfly,Final,False,False,200 m Butterfly,50,,,,,,,,,,,,,,,,,,,,,127.02,28.45,32.56,0.66,12.6,5.32,6.68,,3.15,0.65,9.47,7.0,3.97,12.62,3.06,6.04,58.6,1.7,1.66,,15.73,57.1,1.67,1.59,22.0,6.52,56.3,1.63,1.53,,16.57,55.6,1.61,1.49,27.0
Annis,Annis,,14/04/2026,400,Freestyle,Heat,False,False,400 m Freestyle,50,,,,,,,,,,,,,,,,,,,,,231.36,26.9,29.04,0.64,13.5,5.22,6.14,,3.34,1.36,7.76,7.0,2.84,11.1,2.7,20.76,37.6,2.74,1.72,26.0,,,,,,21.28,35.3,2.8,1.65,30.0,,,,,
Grieve,Grieve,,14/04/2026,200,Butterfly,B-Final,False,False,200 m Butterfly,50,,,,,,,,,,,,,,,,,,,,,131.74,29.07,32.92,0.7,13.7,5.94,6.68,,3.19,0.63,9.23,9.2,5.35,12.42,3.42,6.36,56.1,1.68,1.57,,16.03,54.1,1.73,1.56,21.0,6.76,52.9,1.68,1.48,,16.93,52.7,1.7,1.49,24.0
McMillan,McMillan,,14/04/2026,400,Freestyle,Heat,False,False,400 m Freestyle,50,,,,,,,,,,,,,,,,,,,,,229.95,26.34,28.66,0.74,12.7,4.82,6.1,,3.14,1.44,7.56,6.7,2.5,10.7,2.59,20.24,36.9,2.85,1.75,25.0,,,,,,21.1,34.3,2.9,1.66,29.0,,,,,
Anderson,Anderson,,14/04/2026,100,Freestyle,Heat,False,False,100 m Freestyle,50,,,,,,,,,,,,,,,,,,,,,54.05,26.24,27.81,0.7,12.5,5.06,6.5,,3.18,1.44,7.56,6.2,2.54,10.74,2.59,5.52,45.4,2.39,1.81,,14.22,45.3,2.4,1.81,30.0,5.74,45.1,2.31,1.74,,14.51,44.5,2.27,1.68,37.0
Davis,Davis,,14/04/2026,100,Freestyle,Final,False,False,100 m Freestyle,50,,,,,,,,,,,,,,,,,,,,,53.99,26.02,27.97,0.66,12.4,4.92,6.36,,3.12,1.2,7.58,8.1,3.64,10.7,2.81,5.4,52.8,2.1,1.85,,14.26,49.3,2.19,1.8,33.0,5.76,50.3,2.08,1.74,,14.63,47.7,2.13,1.69,40.0
Dickson,Dickson,,14/04/2026,100,Breaststroke,Heat,False,False,100 m Breaststroke,50,,,,,,,,,,,,,,,,,,,,,61.78,28.82,32.96,0.64,13.0,5.34,6.6,,3.24,0.7,9.54,9.4,5.7,12.78,3.42,6.22,54.2,1.78,1.61,,16.0,55.3,1.7,1.57,21.0,6.48,55.7,1.66,1.54,,16.94,57.2,1.55,1.48,26.0
Annis,Annis,,14/04/2026,400,Freestyle,Final,False,False,400 m Freestyle,50,,,,,,,,,,,,,,,,,,,,,230.31,26.56,28.73,0.66,,5.7,6.14,,2.94,1.56,7.56,6.8,2.78,10.5,2.65,20.42,36.9,2.8,1.72,24.0,,,,,,21.17,34.2,2.89,1.65,28.0,,,,,
Anderson,Anderson,,14/04/2026,100,Freestyle,Final,False,False,100 m Freestyle,50,,,,,,,,,,,,,,,,,,,,,54.19,26.46,27.73,0.7,12.7,5.18,6.46,,3.12,1.38,7.66,6.0,2.52,10.78,2.63,5.58,43.9,2.45,1.79,,14.42,44.4,2.39,1.77,30.0,5.7,45.0,2.33,1.75,,14.37,45.8,2.23,1.7,38.0
Davis,Davis,,14/04/2026,100,Freestyle,Heat,False,False,100 m Freestyle,50,,,,,,,,,,,,,,,,,,,,,54.82,26.39,28.43,0.7,12.7,5.24,6.5,,3.15,1.23,7.73,7.6,3.59,10.88,2.78,5.48,51.4,2.12,1.82,,14.41,48.6,2.2,1.78,33.0,5.82,50.0,2.06,1.72,,14.88,47.3,2.09,1.65,40.0
Hope,Hope,,14/04/2026,100,Freestyle,B-Final,False,False,100 m Freestyle,50,,,,,,,,,,,,,,,,,,,,,56.16,27.14,29.02,0.7,11.7,4.96,6.76,,3.44,1.62,7.88,7.5,3.68,11.32,2.86,5.48,53.7,2.03,1.82,,14.9,50.2,2.09,1.75,37.0,6.0,51.8,1.93,1.67,,15.14,47.8,2.05,1.63,42.0
McMillan,McMillan,,14/04/2026,400,Freestyle,Final,False,False,400 m Freestyle,50,,,,,,,,,,,,,,,,,,,,,226.82,25.79,27.95,0.68,13.0,4.84,5.9,,2.99,1.29,7.47,6.7,2.55,10.46,2.8,19.89,37.4,2.86,1.78,25.0,,,,,,20.48,35.8,2.87,1.71,29.0,,,,,
Grieve,Grieve,,14/04/2026,200,Butterfly,Heat,False,False,200 m Butterfly,50,,,,,,,,,,,,,,,,,,,,,132.28,29.31,33.07,0.7,13.5,5.98,6.88,,3.29,0.71,9.37,8.5,5.15,12.66,3.58,6.36,54.0,1.74,1.57,,16.07,54.4,1.72,1.56,20.0,6.8,52.2,1.69,1.47,,16.9,52.7,1.7,1.49,24.0
MacInnes,MacInnes,,14/04/2026,200,Butterfly,Heat,False,False,200 m Butterfly,50,,,,,,,,,,,,,,,,,,,,,129.1,28.89,32.45,0.68,12.3,5.18,6.82,,3.19,0.65,9.53,7.0,4.05,12.72,3.34,6.06,57.4,1.72,1.65,,16.01,55.9,1.67,1.56,22.0,6.54,56.0,1.64,1.53,,16.38,56.3,1.63,1.53,26.0
Dickson,Dickson,,14/04/2026,100,Breaststroke,Final,False,False,100 m Breaststroke,50,,,,,,,,,,,,,,,,,,,,,61.5,28.84,32.66,0.68,13.6,5.56,6.52,,3.16,0.7,9.24,9.8,5.76,12.4,3.18,6.36,52.6,1.79,1.57,,15.96,51.2,1.83,1.56,20.0,6.84,54.7,1.6,1.46,,16.58,59.0,1.52,1.49,26.0
Dickson,Dickson,,26/03/2026,100,Breaststroke Time,Trial,False,False,100 m Breaststroke Time,50,,,,,,,,,,,,,,,,,,,,,62.52,29.27,33.25,,,,,,,,,,,,,,54.4,,,,,53.2,,,21.0,,55.6,,,,,57.8,,,25.5
Robertson,Robertson,,26/03/2026,100,Butterfly Time,Trial,False,False,100 m Butterfly Time,50,,,,,,,,,,,,,,,,,,,,,54.34,25.23,29.11,,,,,,,,,,,,,,56.6,,,,,57.6,,,19.0,,56.5,,,,,55.5,,,21.0
Smith,Smith,,26/03/2026,400,IM Time,Trial,False,False,400 m IM Time,50,,,,,,,,,,,,,,,,,,,,,267.41,28.53,31.27,,,,,,,,,,,,,,47.6,,,18.0,,,,,,,47.5,,,20.0,,,,,
Fearn,Fearn,,26/03/2026,100,Butterfly Time,Trial,False,False,100 m Butterfly Time,50,,,,,,,,,,,,,,,,,,,,,54.06,24.91,29.15,,,,,,,,,,,,,,58.5,,,,,56.0,,,18.0,,54.4,,,,,53.8,,,21.0
Annis,Annis,,26/03/2026,400,Freestyle Time,Trial,False,False,400 m Freestyle Time,50,,,,,,,,,,,,,,,,,,,,,238.51,27.07,29.76,,,,,,,,,,,,,,38.2,,,26.0,,,,,,,34.6,,,30.0,,,,,
MacInnes,MacInnes,,22/03/2026,100,Butterfly,Final,False,False,100 m Butterfly,50,,,,,,,,,,,,,,,,,,,,,58.71,27.3,31.41,0.66,13.3,5.66,6.74,,2.96,0.7,9.06,7.8,4.92,12.02,3.17,5.78,60.9,1.7,1.73,,14.78,62.2,1.63,1.69,22.0,6.14,60.7,1.61,1.63,,16.21,59.5,1.54,1.53,26.0
Grieve,Grieve,,22/03/2026,100,Butterfly,Final,False,False,100 m Butterfly,50,,,,,,,,,,,,,,,,,,,,,59.14,27.98,31.16,0.69,13.9,5.78,6.56,,2.92,0.72,8.78,11.0,5.5,11.7,3.04,6.12,57.4,1.7,1.63,,15.3,59.3,1.64,1.62,22.0,6.26,59.0,1.63,1.6,,16.12,60.2,1.52,1.53,25.0
McMillan,McMillan,,22/03/2026,200,IM,Heat,False,False,200 m IM,50,,,,,,,,,,,,,,,,,,,,,124.27,26.46,31.0,,,,,,,,,,,,,,48.2,,,,,49.1,,,17.0,,41.0,,,,,41.0,,,33.0
MacInnes,MacInnes,,22/03/2026,100,Butterfly,Heat,False,False,100 m Butterfly,50,,,,,,,,,,,,,,,,,,,,,59.55,27.66,31.89,,,,,,,,,,,,,,61.0,,,,,61.6,,,22.0,,60.5,,,,,59.7,,,26.0
Shanahan,Shanahan,,22/03/2026,100,Backstroke,Final,False,False,100 m Backstroke,50,,,,,,,,,,,,,,,,,,,,,61.25,29.75,31.5,0.72,14.1,6.86,7.66,,3.37,1.41,8.51,11.5,5.79,11.88,3.07,6.12,46.3,2.11,1.63,,15.97,45.0,2.12,1.59,33.0,6.5,44.5,2.08,1.54,,16.49,43.4,2.06,1.49,37.0
Shanahan,Shanahan,,22/03/2026,100,Backstroke,Heat,False,False,100 m Backstroke,50,,,,,,,,,,,,,,,,,,,,,61.6,30.08,31.52,,,,,,,,,,,,,,44.9,,,,,43.2,,,32.0,,43.0,,,,,42.8,,,36.0
McMillan,McMillan,,22/03/2026,200,IM,Final,False,False,200 m IM,50,,,,,,,,,,,,,,,,,,,,,124.3,26.29,31.33,0.68,13.3,4.82,6.1,,2.91,0.77,8.83,,5.97,11.74,2.52,5.58,49.0,2.19,1.79,,14.61,49.0,2.09,1.71,17.0,6.26,42.4,2.26,1.6,,16.24,40.8,2.21,1.5,34.0
Grieve,Grieve,,22/03/2026,100,Butterfly,Heat,False,False,100 m Butterfly,50,,,,,,,,,,,,,,,,,,,,,59.63,27.98,31.65,,,,,,,,,,,,,,57.8,,,,,56.9,,,21.0,,55.4,,,,,57.2,,,24.0
MacInnes,MacInnes,,21/03/2026,200,Butterfly,Heat,False,False,200 m Butterfly,50,,,,,,,,,,,,,,,,,,,,,132.64,29.11,32.93,0.68,11.8,5.06,7.04,,3.19,0.71,9.53,7.2,4.27,12.72,3.54,6.12,53.8,1.82,1.63,,15.95,56.6,1.66,1.57,22.0,6.56,57.4,1.59,1.52,,16.84,56.4,1.55,1.46,27.0
Shanahan,Shanahan,,21/03/2026,50,Backstroke,Heat,False,False,50 m Backstroke,50,,,,,,,,,,,,,,,,,,,,,29.41,7.82,6.06,0.68,13.1,6.46,7.82,,,,,,,,2.93,,,,,,6.06,47.4,2.09,1.65,,,,,,,,,,,
Scott,Scott,,21/03/2026,200,Freestyle,Final,False,False,200 m Freestyle,50,,,,,,,,,,,,,,,,,,,,,108.75999999999999,25.39,27.77,0.69,14.0,5.12,5.8,,2.89,1.39,7.55,8.9,4.31,10.44,2.54,5.44,43.9,2.51,1.84,,14.15,46.4,2.3,1.78,28.0,5.72,42.0,2.5,1.75,,14.5,45.2,2.31,1.74,32.0
Shanahan,Shanahan,,21/03/2026,50,Backstroke,Semi-Final,False,False,50 m Backstroke,50,,,,,,,,,,,,,,,,,,,,,29.22,7.8,6.02,0.72,14.5,7.4,7.8,,,,,,,,2.92,,,,,,6.02,47.5,2.1,1.66,,,,,,,,,,,
Evans,Evans,,21/03/2026,200,Breaststroke,Heat,False,False,200 m Breaststroke,50,,,,,,,,,,,,,,,,,,,,,148.89,33.65,37.77,0.77,13.2,6.76,8.1,,3.53,0.79,10.73,,6.39,14.26,3.61,7.26,31.7,2.61,1.38,,18.29,30.5,2.68,1.36,14.0,7.52,29.5,2.71,1.33,,19.52,28.6,2.62,1.25,15.0
Evans,Evans,,21/03/2026,200,Breaststroke,Final,False,False,200 m Breaststroke,50,,,,,,,,,,,,,,,,,,,,,142.02,32.67,35.01,0.72,13.8,6.96,7.76,,3.45,0.71,10.27,9.6,6.19,13.72,3.7,7.14,34.6,2.43,1.4,,17.77,32.2,2.61,1.4,14.0,7.04,35.5,2.4,1.42,,17.7,37.8,2.21,1.39,18.0
Anderson,Anderson,,21/03/2026,100,Freestyle,Heat,False,False,100 m Freestyle,50,,,,,,,,,,,,,,,,,,,,,55.56,27.09,28.47,0.73,12.7,5.22,6.52,,3.31,1.83,7.65,6.6,2.65,10.96,2.88,5.74,42.0,2.49,1.74,,14.83,43.8,2.38,1.74,29.0,5.92,42.2,2.4,1.69,,14.9,43.9,2.27,1.66,36.0
Scott,Scott,,21/03/2026,200,Freestyle,Heat,False,False,200 m Freestyle,50,,,,,,,,,,,,,,,,,,,,,110.6,25.21,27.54,0.7,13.3,5.04,5.94,,2.83,1.27,7.39,8.8,3.69,10.22,2.78,5.46,45.8,2.4,1.83,,13.81,44.0,2.48,1.82,29.0,5.62,43.2,2.47,1.78,,14.53,43.1,2.39,1.72,32.0
McMillan,McMillan,,21/03/2026,200,Freestyle,Heat,False,False,200 m Freestyle,50,,,,,,,,,,,,,,,,,,,,,108.16,25.46,27.76,0.7,12.8,4.86,6.0,,2.72,1.44,7.36,7.8,3.08,10.08,2.66,5.52,40.7,2.67,1.81,,13.94,39.7,2.69,1.78,26.0,5.8,36.9,2.8,1.72,,14.6,39.2,2.63,1.72,30.0
Anderson,Anderson,,21/03/2026,100,Freestyle,Final,False,False,100 m Freestyle,50,,,,,,,,,,,,,,,,,,,,,54.39,26.53,27.86,0.75,,4.98,6.6,,2.95,1.51,7.59,6.4,2.59,10.54,2.61,5.56,42.9,2.52,1.8,,14.37,44.7,2.35,1.75,30.0,5.8,43.3,2.38,1.72,,14.47,44.4,2.28,1.69,36.0
MacInnes,MacInnes,,21/03/2026,200,Butterfly,Final,False,False,200 m Butterfly,50,,,,,,,,,,,,,,,,,,,,,128.92,29.04,33.18,0.67,11.8,5.1,7.04,,3.08,0.76,9.68,7.3,4.34,12.76,3.22,6.18,55.4,1.75,1.62,,15.82,56.4,1.67,1.57,22.0,6.68,55.1,1.63,1.5,,16.82,56.0,1.56,1.46,27.0
McMillan,McMillan,,21/03/2026,200,Freestyle,Final,False,False,200 m Freestyle,50,,,,,,,,,,,,,,,,,,,,,107.05,25.28,27.18,0.68,12.8,4.74,5.94,,2.78,1.44,7.24,7.7,3.0,10.02,2.51,5.42,39.3,2.82,1.85,,13.92,39.0,2.77,1.8,26.0,5.68,37.9,2.79,1.76,,14.26,40.2,2.61,1.75,30.0
McMillan,McMillan,,20/03/2026,400,Freestyle,Final,False,False,400 m Freestyle,50,,,,,,,,,,,,,,,,,,,,,228.34,26.79,29.37,0.76,12.7,5.0,6.28,,2.95,1.77,7.85,6.8,2.61,10.8,2.74,20.51,34.6,2.97,1.71,24.0,,,,,,21.52,32.8,2.98,1.63,28.0,,,,,
Evans,Evans,,20/03/2026,100,Breaststroke,Final,False,False,100 m Breaststroke,50,,,,,,,,,,,,,,,,,,,,,65.46,31.07,34.39,0.7,13.1,6.28,7.6,,3.03,0.79,10.07,9.3,6.03,13.1,3.2,6.82,41.0,2.15,1.47,,16.65,41.6,2.12,1.47,17.0,6.98,45.4,1.89,1.43,,17.34,46.9,1.8,1.41,22.0
Evans,Evans,,20/03/2026,100,Breaststroke,Heat,False,False,100 m Breaststroke,50,,,,,,,,,,,,,,,,,,,,,67.12,32.24,34.88,0.72,13.9,7.28,8.18,,3.24,0.76,10.24,9.5,6.36,13.48,3.36,7.06,40.5,2.1,1.42,,17.0,39.7,2.19,1.45,16.0,7.06,41.2,2.07,1.42,,17.58,41.5,2.04,1.41,19.0
Anderson,Anderson,,20/03/2026,200,Freestyle,Heat,False,False,200 m Freestyle,50,,,,,,,,,,,,,,,,,,,,,121.21,28.91,31.32,0.74,12.9,5.38,6.84,,3.31,1.61,8.31,6.5,2.81,11.62,2.67,6.0,36.9,2.72,1.67,,16.07,33.7,2.8,1.57,26.0,6.52,32.8,2.8,1.53,,16.49,32.7,2.79,1.52,30.0
Shanahan,Shanahan,,20/03/2026,200,Backstroke,Final,False,False,200 m Backstroke,50,,,,,,,,,,,,,,,,,,,,,129.64,30.73,32.9,,12.8,6.48,7.86,,3.47,1.69,8.67,,5.25,12.14,3.24,6.24,41.0,2.34,1.6,,16.63,38.8,2.35,1.52,30.0,6.74,37.1,2.39,1.48,,17.49,39.3,2.21,1.45,33.0
Scott,Scott,,20/03/2026,200,Butterfly,Heat,False,False,200 m Butterfly,50,,,,,,,,,,,,,,,,,,,,,120.13,26.09,30.16,0.69,12.6,4.66,6.0,,2.89,0.77,8.75,,5.93,11.64,3.17,5.56,50.6,2.13,1.8,,14.53,49.0,2.11,1.72,18.0,6.06,47.2,2.1,1.65,,15.35,47.4,2.03,1.6,19.0
McMillan,McMillan,,20/03/2026,400,Freestyle,Heat,False,False,400 m Freestyle,50,,,,,,,,,,,,,,,,,,,,,231.06,26.46,29.29,0.73,12.6,4.84,6.14,,2.94,1.26,7.84,6.8,2.6,10.78,2.82,20.32,36.2,2.87,1.73,25.0,,,,,,21.45,32.5,3.01,1.63,28.0,,,,,
Anderson,Anderson,,20/03/2026,200,Freestyle,Final,False,False,200 m Freestyle,50,,,,,,,,,,,,,,,,,,,,,118.91,28.17,30.35,0.77,12.9,5.22,6.84,,3.25,1.67,8.13,5.8,2.59,11.38,2.77,5.98,39.6,2.53,1.67,,15.35,39.2,2.53,1.65,28.0,6.08,37.6,2.62,1.64,,16.14,35.3,2.67,1.57,32.0
Shanahan,Shanahan,,20/03/2026,200,Backstroke,Heat,False,False,200 m Backstroke,50,,,,,,,,,,,,,,,,,,,,,132.34,31.32,33.21,0.7,11.6,5.78,7.96,,3.64,1.86,8.82,9.6,5.02,12.46,3.4,6.34,41.0,2.31,1.58,,17.02,36.1,2.48,1.49,30.0,6.8,35.5,2.48,1.47,,17.59,35.0,2.49,1.45,31.0
McMillan,McMillan,,15/03/2026,100,Freestyle,Heat,False,False,100 m Freestyle,50,,,,,,,,,,,,,,,,,,,,,49.66,23.95,25.71,,,,,,,,,,,,,,47.3,,,,,46.9,,,29.0,,47.4,,,,,45.6,,,34.0
Evans,Evans,,15/03/2026,200,Breaststroke,Final,False,False,200 m Breaststroke,50,,,,,,,,,,,,,,,,,,,,,142.31,32.76,35.04,0.7,13.3,6.46,7.64,,3.18,0.82,10.34,9.4,6.24,13.52,3.63,7.1,34.0,2.49,1.41,,18.02,31.7,2.56,1.35,15.0,7.02,35.8,2.38,1.42,,17.68,35.8,2.35,1.4,18.0
Shanahan,Shanahan,,15/03/2026,200,Backstroke,Final,False,False,200 m Backstroke,50,,,,,,,,,,,,,,,,,,,,,130.24,31.02,32.77,0.62,13.8,6.96,7.8,,3.58,1.58,8.62,9.8,5.04,12.2,3.36,6.4,41.2,2.27,1.56,,16.82,38.9,2.33,1.51,30.0,6.74,37.9,2.34,1.48,,17.41,36.6,2.38,1.45,32.0
Davis,Davis,,15/03/2026,100,Freestyle,Heat,False,False,100 m Freestyle,50,,,,,,,,,,,,,,,,,,,,,55.73,26.67,29.06,,,,,,,,,,,,,,51.4,,,,,49.5,,,34.0,,49.7,,,,,47.3,,,40.0
McMillan,McMillan,,15/03/2026,100,Freestyle,Final,False,False,100 m Freestyle,50,,,,,,,,,,,,,,,,,,,,,49.52,24.11,25.41,0.66,13.0,4.74,5.74,,2.65,1.07,6.85,8.9,3.69,9.5,2.48,5.14,49.2,2.38,1.95,,13.23,46.2,2.45,1.89,29.0,5.26,46.9,2.43,1.9,,13.3,45.6,2.43,1.85,33.0
Davies,Davies,,15/03/2026,200,Backstroke,Heat,False,False,200 m Backstroke,50,,,,,,,,,,,,,,,,,,,,,130.62,30.51,32.15,0.7,15.6,7.7,7.3,,3.49,1.61,8.15,11.6,5.87,11.64,3.42,6.34,38.3,2.48,1.58,,16.87,35.5,2.52,1.49,26.0,6.7,36.6,2.44,1.49,,17.3,36.1,2.44,1.47,30.0
Annis,Annis,,15/03/2026,400,Freestyle,Heat,False,False,400 m Freestyle,50,,,,,,,,,,,,,,,,,,,,,239.11,27.14,30.22,0.66,13.7,5.62,6.4,,3.28,1.36,8.1,6.4,2.78,11.38,2.91,20.74,37.9,2.72,1.72,26.0,,,,,,22.12,34.8,2.78,1.61,31.0,,,,,
Shanahan,Shanahan,,15/03/2026,200,Backstroke,Heat,False,False,200 m Backstroke,50,,,,,,,,,,,,,,,,,,,,,133.98,31.26,33.2,,,,,,,,,,,,,,39.9,,,,,38.5,,,29.0,,36.6,,,,,36.0,,,31.0
Annis,Annis,,15/03/2026,400,Freestyle,B-Final,False,False,400 m Freestyle,50,,,,,,,,,,,,,,,,,,,,,239.04,27.51,30.16,0.66,14.0,5.68,6.32,,3.27,1.49,8.07,6.4,2.69,11.34,2.78,21.19,37.1,2.7,1.67,25.0,,,,,,22.09,34.2,2.79,1.59,30.0,,,,,
Hope,Hope,,15/03/2026,100,Freestyle,B-Final,False,False,100 m Freestyle,50,,,,,,,,,,,,,,,,,,,,,56.62,27.17,29.45,0.68,11.6,4.76,6.84,,3.33,1.07,8.11,6.3,2.95,11.44,2.84,5.46,57.9,1.9,1.83,,14.87,51.0,2.04,1.73,38.0,6.04,50.1,1.99,1.66,,15.3,47.8,2.02,1.61,43.0
Dickson,Dickson,,15/03/2026,50,Breaststroke,B-Final,False,False,50 m Breaststroke,50,,,,,,,,,,,,,,,,,,,,,28.77,6.98,6.1,0.68,13.0,5.54,6.98,,,,,,,,2.79,,,,,,6.1,57.7,1.71,1.64,,,,,,,,,,,
Fearn,Fearn,,15/03/2026,100,Butterfly,Heat,False,False,100 m Butterfly,50,,,,,,,,,,,,,,,,,,,,,54.66,25.54,29.12,,,,,,,,,,,,,,57.2,,,,,55.9,,,19.0,,55.6,,,,,55.4,,,21.0
McNair,McNair,,15/03/2026,200,IM,Heat,False,False,200 m IM,50,,,,,,,,,,,,,,,,,,,,,139.66,29.74,35.4,,,,,,,,,,,,,,51.4,,,,,52.0,,,20.0,,35.2,,,,,36.9,,,35.0
Dickson,Dickson,,15/03/2026,50,Breaststroke,Heat,False,False,50 m Breaststroke,50,,,,,,,,,,,,,,,,,,,,,28.74,6.82,6.24,0.72,12.8,5.42,6.82,,,,,,,,3.18,,,,,,6.24,61.7,1.56,1.6,,,,,,,,,,,
Davis,Davis,,15/03/2026,100,Freestyle,Final,False,False,100 m Freestyle,50,,,,,,,,,,,,,,,,,,,,,55.16,26.71,28.45,0.66,12.6,5.36,6.8,,3.09,1.13,7.77,8.4,3.95,10.86,2.88,5.42,52.2,2.13,1.85,,14.49,49.3,2.13,1.75,34.0,5.86,50.4,2.04,1.71,,14.82,48.3,2.09,1.68,40.0
McNair,McNair,,15/03/2026,200,IM,Final,False,False,200 m IM,50,,,,,,,,,,,,,,,,,,,,,139.18,28.96,35.01,0.76,12.8,5.74,7.1,,3.12,0.84,10.1,9.0,5.76,13.22,3.12,6.1,53.8,1.83,1.64,,15.76,52.8,1.8,1.58,20.0,7.02,37.6,2.27,1.42,,17.89,37.4,2.23,1.39,36.0
Fearn,Fearn,,15/03/2026,100,Butterfly,B-Final,False,False,100 m Butterfly,50,,,,,,,,,,,,,,,,,,,,,54.24,25.08,29.16,0.64,13.7,5.14,5.8,,2.7,0.88,8.72,,6.48,11.42,2.96,5.46,60.0,1.83,1.83,,13.82,57.0,1.89,1.8,19.0,5.66,57.1,1.86,1.77,,14.78,57.7,1.76,1.69,21.0
Grieve,Grieve,,15/03/2026,50,Butterfly,Heat,False,False,50 m Butterfly,50,,,,,,,,,,,,,,,,,,,,,27.33,,,,,,,,,,,,,,,,63.2,,,,,63.8,,,,,,,,,,,,,
Smith,Smith,,15/03/2026,400,Freestyle,Heat,False,False,400 m Freestyle,50,,,,,,,,,,,,,,,,,,,,,244.29,27.95,30.07,,,,,,,,,,,,,,37.3,,,26.0,,,,,,,36.5,,,32.0,,,,,
Robertson,Robertson,,15/03/2026,100,Butterfly,Heat,False,False,100 m Butterfly,50,,,,,,,,,,,,,,,,,,,,,54.83,25.5,29.33,,,,,,,,,,,,,,53.5,,,,,54.5,,,19.0,,55.3,,,,,55.2,,,22.0
Grieve,Grieve,,15/03/2026,50,Butterfly,Final,False,False,50 m Butterfly,50,,,,,,,,,,,,,,,,,,,,,27.27,6.62,5.98,0.68,12.9,5.42,6.62,,,,,,,,2.87,,,,,,5.98,64.1,1.56,1.67,,,,,,,,,,,
Evans,Evans,,15/03/2026,200,Breaststroke,Heat,False,False,200 m Breaststroke,50,,,,,,,,,,,,,,,,,,,,,148.93,34.59,39.2,,,,,,,,,,,,,,30.8,,,,,28.6,,,14.0,,26.6,,,,,26.2,,,15.0
Robertson,Robertson,,15/03/2026,100,Butterfly,B-Final,False,False,100 m Butterfly,50,,,,,,,,,,,,,,,,,,,,,54.07,25.39,28.68,0.7,13.2,5.1,6.08,,2.71,0.55,8.13,10.0,5.65,10.84,2.69,5.54,53.0,2.05,1.81,,13.77,55.5,1.96,1.81,18.0,6.04,56.5,1.76,1.66,,14.51,56.2,1.8,1.69,22.0
Grieve,Grieve,,14/03/2026,100,Butterfly,Final,False,False,100 m Butterfly,50,,,,,,,,,,,,,,,,,,,,,58.72,27.87,30.85,0.7,13.5,5.7,6.46,,3.15,0.69,8.59,10.5,5.71,11.74,2.88,6.06,58.1,1.7,1.65,,15.35,58.3,1.69,1.64,21.0,6.4,60.0,1.56,1.56,,15.86,58.9,1.57,1.54,25.0
McNair,McNair,,14/03/2026,400,IM,Final,False,False,400 m IM,50,,,,,,,,,,,,,,,,,,,,,290.55,30.58,34.55,0.78,13.1,6.1,7.4,,3.44,0.74,9.76,9.2,5.66,13.2,3.23,23.18,46.7,1.95,1.52,19.0,,,,,,24.79,46.0,1.85,1.42,22.0,,,,,
Fearn,Fearn,,14/03/2026,50,Backstroke,Heat,False,False,50 m Backstroke,50,,,,,,,,,,,,,,,,,,,,,26.23,,,,,,,,,,,,,,,,,,,,,,,,,,,,,,,,,,
Grieve,Grieve,,14/03/2026,100,Butterfly,Heat,False,False,100 m Butterfly,50,,,,,,,,,,,,,,,,,,,,,59.49,28.23,31.26,0.7,13.2,5.58,6.84,,3.15,0.67,8.55,10.5,5.89,11.7,2.89,5.94,61.4,1.64,1.68,,15.45,59.0,1.66,1.63,22.0,6.46,59.6,1.56,1.55,,16.25,58.3,1.54,1.5,25.0
Hope,Hope,,14/03/2026,200,Freestyle,Heat,False,False,200 m Freestyle,50,,,,,,,,,,,,,,,,,,,,,122.66,28.81,31.12,,,,,,,,,,,,,,44.6,,,,,40.6,,,32.0,,40.0,,,,,41.2,,,38.0
Anderson,Anderson,,14/03/2026,200,Freestyle,Final,False,False,200 m Freestyle,50,,,,,,,,,,,,,,,,,,,,,120.12,28.15,29.82,0.72,13.0,5.64,6.78,,3.23,1.81,7.89,6.3,2.59,11.12,3.02,5.92,42.5,2.39,1.69,,15.45,39.0,2.52,1.64,28.0,6.1,40.6,2.42,1.64,,15.83,38.7,2.47,1.59,34.0
Scott,Scott,,14/03/2026,400,IM,Final,False,False,400 m IM,50,,,,,,,,,,,,,,,,,,,,,255.94,26.49,29.8,0.64,12.8,4.7,6.12,,2.95,0.67,8.45,9.8,5.35,11.4,3.0,20.37,50.0,2.06,1.72,18.0,,,,,,21.35,48.0,2.03,1.62,19.0,,,,,
Davies,Davies,,14/03/2026,400,IM,Final,False,False,400 m IM,50,,,,,,,,,,,,,,,,,,,,,273.76,27.58,32.8,,,,,,,,,,,,,,46.7,,,17.0,,,,,,,45.1,,,20.0,,,,,
Davies,Davies,,14/03/2026,400,IM,Heat,False,False,400 m IM,50,,,,,,,,,,,,,,,,,,,,,275.64,28.0,33.42,,,,,,,,,,,,,,44.9,,,17.0,,,,,,,44.6,,,19.0,,,,,
McNair,McNair,,14/03/2026,400,IM,Heat,False,False,400 m IM,50,,,,,,,,,,,,,,,,,,,,,299.07,30.97,35.29,,,,,,,,,,,,,,46.4,,,19.0,,,,,,,46.7,,,22.0,,,,,
Davis,Davis,,14/03/2026,200,Freestyle,Heat,False,False,200 m Freestyle,50,,,,,,,,,,,,,,,,,,,,,124.2,28.4,31.14,0.66,12.4,5.32,6.88,,3.46,1.44,8.42,6.4,2.86,11.88,3.0,5.86,44.8,2.29,1.71,,15.66,42.0,2.34,1.64,31.0,6.36,41.7,2.26,1.57,,16.36,41.4,2.26,1.56,37.0
MacInnes,MacInnes,,14/03/2026,100,Butterfly,Heat,False,False,100 m Butterfly,50,,,,,,,,,,,,,,,,,,,,,59.07,27.83,31.24,0.66,12.9,5.62,6.92,,2.93,0.69,9.23,8.0,4.83,12.16,3.01,5.86,61.6,1.67,1.71,,15.05,60.2,1.64,1.65,22.0,6.14,61.0,1.6,1.63,,15.87,60.3,1.55,1.56,25.0
Fearn,Fearn,,14/03/2026,50,Backstroke,B-Final,False,False,50 m Backstroke,50,,,,,,,,,,,,,,,,,,,,,26.1,,,,,,,,,,,,,,,,,,,,,,,,,,,,,,,,,,
Scott,Scott,,14/03/2026,400,IM,Heat,False,False,400 m IM,50,,,,,,,,,,,,,,,,,,,,,264.74,26.9,30.28,,,,,,,,,,,,,,46.6,,,17.0,,,,,,,46.3,,,18.0,,,,,
Anderson,Anderson,,14/03/2026,200,Freestyle,Heat,False,False,200 m Freestyle,50,,,,,,,,,,,,,,,,,,,,,119.96000000000001,28.65,30.51,,,,,,,,,,,,,,37.9,,,,,36.8,,,28.0,,35.2,,,,,37.1,,,32.0
Dickson,Dickson,,14/03/2026,100,Breaststroke,Heat,False,False,100 m Breaststroke,50,,,,,,,,,,,,,,,,,,,,,62.77,29.35,33.42,,,,,,,,,,,,,,51.2,,,,,53.2,,,20.0,,52.2,,,,,58.1,,,25.5
Dickson,Dickson,,14/03/2026,100,Breaststroke,Final,False,False,100 m Breaststroke,50,,,,,,,,,,,,,,,,,,,,,62.48,29.26,33.22,0.66,13.7,5.98,6.76,,3.22,0.78,9.3,9.7,5.88,12.52,2.98,6.54,51.5,1.78,1.53,,15.96,51.8,1.82,1.57,20.0,6.76,55.4,1.6,1.48,,17.16,57.5,1.47,1.41,26.0
Annis,Annis,,14/03/2026,400,IM,Final,False,False,400 m IM,50,,,,,,,,,,,,,,,,,,,,,269.48,27.65,31.84,,,,,,,,,,,,,,49.5,,,18.0,,,,,,,48.3,,,21.0,,,,,
McNair,McNair,,14/03/2026,200,Freestyle,Heat,False,False,200 m Freestyle,50,,,,,,,,,,,,,,,,,,,,,127.71,29.88,32.08,,,,,,,,,,,,,,39.5,,,,,38.7,,,29.0,,37.6,,,,,36.9,,,34.0
Smith,Smith,,14/03/2026,400,IM,Heat,False,False,400 m IM,50,,,,,,,,,,,,,,,,,,,,,273.89,27.9,31.64,,,,,,,,,,,,,,47.0,,,17.0,,,,,,,47.0,,,21.0,,,,,
Hope,Hope,,14/03/2026,200,Freestyle,B-Final,False,False,200 m Freestyle,50,,,,,,,,,,,,,,,,,,,,,121.68,28.6,30.48,0.68,11.7,4.52,7.12,,3.34,1.36,8.32,6.1,2.82,11.66,2.86,5.9,45.7,2.22,1.69,,15.58,44.1,2.22,1.63,34.0,6.12,43.7,2.24,1.63,,16.04,42.0,2.27,1.59,38.0
Smith,Smith,,14/03/2026,400,IM,Final,False,False,400 m IM,50,,,,,,,,,,,,,,,,,,,,,267.19,27.87,31.93,0.72,13.3,5.56,6.4,,3.17,0.73,9.03,,5.23,12.2,2.83,21.47,47.8,2.06,1.64,18.0,,,,,,22.9,47.3,1.94,1.53,21.0,,,,,
Davis,Davis,,13/03/2026,50,Freestyle,Final,False,False,50 m Freestyle,50,,,,,,,,,,,,,,,,,,,,,25.74,6.6,5.38,0.68,13.4,5.76,6.6,,,,,,,,2.52,,,,,,5.38,54.1,2.06,1.86,,,,,,,,,,,
Robertson,Robertson,,13/03/2026,50,Butterfly,Heat,False,False,50 m Butterfly,50,,,,,,,,,,,,,,,,,,,,,25.12,,,,,,,,,,,,,,,,60.0,,,,,56.9,,,,,,,,,,,,,
Davies,Davies,,13/03/2026,200,IM,Heat,False,False,200 m IM,50,,,,,,,,,,,,,,,,,,,,,126.23,26.73,32.0,,,,,,,,,,,,,,48.9,,,,,48.2,,,17.0,,38.8,,,,,36.8,,,31.0
Dickson,Dickson,,13/03/2026,200,Breaststroke,Heat,False,False,200 m Breaststroke,50,,,,,,,,,,,,,,,,,,,,,140.1,31.61,35.72,,,,,,,,,,,,,,39.9,,,,,35.1,,,15.0,,34.4,,,,,36.0,,,17.0
Dean,Dean,,13/03/2026,200,Freestyle,Heat,False,False,200 m Freestyle,50,,,,,,,,,,,,,,,,,,,,,109.75999999999999,24.93,27.42,,,,,,,,,,,,,,44.1,,,,,40.5,,,26.0,,39.5,,,,,38.7,,,30.0
Scott,Scott,,13/03/2026,200,IM,Heat,False,False,200 m IM,50,,,,,,,,,,,,,,,,,,,,,122.67,26.38,31.36,,,,,,,,,,,,,,49.5,,,,,45.8,,,17.0,,38.1,,,,,35.8,,,29.0
Scott,Scott,,13/03/2026,200,IM,Final,False,False,200 m IM,50,,,,,,,,,,,,,,,,,,,,,118.78999999999999,25.46,29.74,0.66,12.4,4.48,6.02,,2.8,0.72,7.94,12.8,6.64,10.74,2.55,5.5,52.5,2.08,1.82,,13.94,51.0,2.12,1.8,18.0,6.14,44.0,2.22,1.63,,15.66,40.2,2.34,1.57,31.0
Shanahan,Shanahan,,13/03/2026,100,Backstroke,Heat,False,False,100 m Backstroke,50,,,,,,,,,,,,,,,,,,,,,62.8,30.47,32.33,,,,,,,,,,,,,,45.1,,,,,42.7,,,32.0,,42.2,,,,,39.8,,,35.0
Smith,Smith,,13/03/2026,200,Breaststroke,Heat,False,False,200 m Breaststroke,50,,,,,,,,,,,,,,,,,,,,,137.07,31.2,34.82,,,,,,,,,,,,,,36.4,,,,,33.4,,,13.0,,33.8,,,,,33.1,,,16.0
MacInnes,MacInnes,,13/03/2026,200,Butterfly,Final,False,False,200 m Butterfly,50,,,,,,,,,,,,,,,,,,,,,128.36,29.56,32.68,0.68,12.5,5.58,7.06,,3.1,0.68,9.54,6.9,4.16,12.64,3.2,6.26,57.6,1.67,1.6,,16.24,55.5,1.64,1.52,22.0,6.58,56.4,1.62,1.52,,16.56,56.0,1.62,1.51,26.0
Dickson,Dickson,,13/03/2026,200,Breaststroke,B-Final,False,False,200 m Breaststroke,50,,,,,,,,,,,,,,,,,,,,,139.04,31.78,36.13,0.64,15.2,7.04,6.92,,3.58,0.62,9.94,10.5,6.72,13.52,3.42,7.02,39.2,2.17,1.42,,17.84,35.4,2.37,1.4,15.0,7.54,33.3,2.4,1.33,,18.65,33.4,2.37,1.32,17.0
Annis,Annis,,13/03/2026,200,Freestyle,Heat,False,False,200 m Freestyle,50,,,,,,,,,,,,,,,,,,,,,112.22999999999999,26.13,28.31,,,,,,,,,,,,,,43.1,,,,,42.1,,,28.0,,43.1,,,,,40.9,,,33.0
MacInnes,MacInnes,,13/03/2026,200,Butterfly,Heat,False,False,200 m Butterfly,50,,,,,,,,,,,,,,,,,,,,,133.07,29.55,32.88,,,,,,,,,,,,,,59.4,,,,,54.9,,,22.0,,57.1,,,,,55.8,,,27.0
McMillan,McMillan,,13/03/2026,200,Freestyle,Final,False,False,200 m Freestyle,50,,,,,,,,,,,,,,,,,,,,,106.9,25.46,26.79,0.64,12.4,4.56,6.12,,2.86,1.16,7.26,7.0,2.76,10.12,2.54,5.34,41.7,2.69,1.87,,14.0,40.3,2.68,1.8,27.0,5.54,39.8,2.73,1.81,,13.99,39.4,2.68,1.76,31.0
McMillan,McMillan,,13/03/2026,200,Freestyle,Heat,False,False,200 m Freestyle,50,,,,,,,,,,,,,,,,,,,,,108.66,25.85,30.42,,,,,,,,,,,,,,38.8,,,,,38.5,,,26.0,,37.6,,,,,37.5,,,29.0
Smith,Smith,,13/03/2026,200,Breaststroke,Final,False,False,200 m Breaststroke,50,,,,,,,,,,,,,,,,,,,,,134.94,30.7,34.23,0.68,15.1,6.96,6.88,,3.46,0.7,9.5,10.2,6.22,12.96,3.26,6.92,38.5,2.26,1.45,,16.9,35.4,2.53,1.49,14.0,7.12,34.1,2.46,1.4,,17.61,34.2,2.47,1.41,15.0
Fearn,Fearn,,13/03/2026,100,Backstroke,B-Final,False,False,100 m Backstroke,50,,,,,,,,,,,,,,,,,,,,,55.98,26.93,29.05,0.66,13.1,5.66,6.8,,3.05,1.51,7.69,11.7,5.69,10.74,2.7,5.58,48.9,2.2,1.79,,14.55,46.8,2.23,1.74,31.0,6.1,46.0,2.14,1.64,,15.26,45.6,2.09,1.59,34.0
Davis,Davis,,13/03/2026,50,Freestyle,Heat,False,False,50 m Freestyle,50,,,,,,,,,,,,,,,,,,,,,25.86,,,,,,,,,,,,,,,,54.5,,,,,54.6,,,,,,,,,,,,,
Evans,Evans,,13/03/2026,100,Breaststroke,Heat,False,False,100 m Breaststroke,50,,,,,,,,,,,,,,,,,,,,,66.76,32.92,33.84,0.66,12.8,6.18,7.72,,3.48,0.72,9.82,9.0,5.62,13.3,3.02,7.1,33.4,2.53,1.41,,18.1,30.4,2.7,1.37,14.0,6.98,41.0,2.09,1.43,,17.04,44.2,1.94,1.43,20.0
Fearn,Fearn,,13/03/2026,100,Backstroke,Heat,False,False,100 m Backstroke,50,,,,,,,,,,,,,,,,,,,,,56.24,27.03,29.21,,,,,,,,,,,,,,48.7,,,,,45.5,,,31.0,,44.1,,,,,44.2,,,34.0
Annis,Annis,,13/03/2026,200,IM,Heat,False,False,200 m IM,50,,,,,,,,,,,,,,,,,,,,,125.61,27.18,31.1,,,,,,,,,,,,,,50.7,,,,,48.8,,,18.0,,39.7,,,,,39.2,,,32.0
Fearn,Fearn,,13/03/2026,50,Butterfly,Heat,False,False,50 m Butterfly,50,,,,,,,,,,,,,,,,,,,,,24.63,,,,,,,,,,,,,,,,63.8,,,,,65.5,,,,,,,,,,,,,
Annis,Annis,,13/03/2026,200,IM,Final,False,False,200 m IM,50,,,,,,,,,,,,,,,,,,,,,125.26,26.63,31.32,0.66,14.5,5.9,6.16,,2.89,0.77,8.57,12.3,6.73,11.46,3.0,5.88,51.0,2.0,1.7,,14.59,50.4,2.04,1.71,18.0,6.3,41.9,2.28,1.59,,16.45,39.0,2.32,1.51,32.0
Fearn,Fearn,,13/03/2026,50,Butterfly,Final,False,False,50 m Butterfly,50,,,,,,,,,,,,,,,,,,,,,24.38,5.82,5.38,0.66,13.8,5.2,5.82,,,,,,,,2.62,,,,,,5.38,67.3,1.66,1.86,,,,,,,,,,,
Shanahan,Shanahan,,13/03/2026,100,Backstroke,B-Final,False,False,100 m Backstroke,50,,,,,,,,,,,,,,,,,,,,,61.59,30.0,31.59,0.72,13.5,6.66,7.64,,3.5,1.82,8.5,11.4,6.18,12.0,3.11,6.12,45.8,2.14,1.63,,16.24,44.2,2.13,1.57,32.0,6.52,44.0,2.09,1.53,,16.57,42.8,2.09,1.49,35.0
Grieve,Grieve,,13/03/2026,200,Butterfly,Final,False,False,200 m Butterfly,50,,,,,,,,,,,,,,,,,,,,,132.66,29.67,33.3,0.7,13.2,6.2,6.78,,3.45,0.63,9.41,9.5,5.47,12.86,3.4,6.5,55.0,1.68,1.54,,16.39,52.4,1.77,1.55,20.0,6.9,51.4,1.69,1.45,,16.99,51.8,1.74,1.5,23.0
Evans,Evans,,13/03/2026,100,Breaststroke,Final,False,False,100 m Breaststroke,50,,,,,,,,,,,,,,,,,,,,,65.46,31.29,34.17,0.66,12.5,5.88,7.76,,3.27,0.73,9.75,8.8,5.67,13.02,3.26,6.58,39.9,2.29,1.52,,16.95,39.3,2.23,1.46,16.0,7.0,44.4,1.93,1.43,,17.42,44.6,1.9,1.41,21.0
Dean,Dean,,13/03/2026,200,Freestyle,Final,False,False,200 m Freestyle,50,,,,,,,,,,,,,,,,,,,,,110.41,25.08,27.48,0.68,13.9,5.32,5.9,,3.04,1.18,7.4,7.8,3.3,10.44,2.79,5.2,44.1,2.61,1.92,,13.98,40.4,2.72,1.83,26.0,5.6,39.9,2.69,1.79,,14.48,39.9,2.59,1.72,30.0
Davies,Davies,,13/03/2026,200,IM,B-Final,False,False,200 m IM,50,,,,,,,,,,,,,,,,,,,,,126.58,27.26,32.27,0.7,13.8,5.66,6.24,,3.02,0.78,8.8,12.9,7.4,11.82,2.72,5.92,51.6,1.97,1.69,,15.1,50.4,1.98,1.66,18.0,6.8,38.0,2.32,1.47,,16.67,38.5,2.31,1.48,31.0
Grieve,Grieve,,13/03/2026,200,Butterfly,Heat,False,False,200 m Butterfly,50,,,,,,,,,,,,,,,,,,,,,134.04,29.7,33.44,,,,,,,,,,,,,,51.6,,,,,51.7,,,20.0,,48.9,,,,,50.7,,,23.0
McNair,McNair,,15/02/2026,200,Butterfly,Final,False,False,200 m Butterfly,50,,,,,,,,,,,,,,,,,,,,,140.52,30.73,35.26,0.78,12.7,5.76,7.28,,3.43,0.75,10.03,8.9,5.81,13.46,3.72,6.38,48.9,1.93,1.57,,17.07,46.9,1.88,1.47,20.0,7.04,45.5,1.87,1.42,,18.19,45.4,1.84,1.39,22.0
Annis,Annis,,15/02/2026,400,Freestyle,Final,False,False,400 m Freestyle,50,,,,,,,,,,,,,,,,,,,,,239.26,27.46,30.57,0.72,13.9,5.68,6.4,,3.24,1.4,7.98,6.4,2.64,11.22,2.92,21.06,37.8,2.67,1.68,26.0,,,,,,22.59,33.5,2.78,1.55,30.0,,,,,
Evans,Evans,,15/02/2026,200,Breaststroke,Heat,False,False,200 m Breaststroke,50,,,,,,,,,,,,,,,,,,,,,148.01,32.57,36.57,,,,,,,,,,,,,,36.1,,,,,31.5,,,15.0,,33.4,,,,,34.0,,,17.0
Davies,Davies,,15/02/2026,50,Backstroke,B-Final,False,False,50 m Backstroke,50,,,,,,,,,,,,,,,,,,,,,26.74,6.86,5.52,0.6,13.4,5.94,6.86,,,,,,,,2.54,,,,,,5.52,50.4,2.15,1.81,,,,,,,,,,,
Smith,Smith,,15/02/2026,200,Breaststroke,Final,False,False,200 m Breaststroke,50,,,,,,,,,,,,,,,,,,,,,136.24,30.32,34.06,0.72,14.7,6.7,7.06,,3.28,0.54,9.5,10.3,6.26,12.78,3.68,6.46,40.5,2.3,1.55,,16.8,37.6,2.36,1.48,15.0,6.96,36.1,2.39,1.44,,17.6,36.2,2.32,1.4,17.0
McNair,McNair,,15/02/2026,200,Butterfly,Heat,False,False,200 m Butterfly,50,,,,,,,,,,,,,,,,,,,,,141.41,30.28,34.88,,,,,,,,,,,,,,48.0,,,,,49.0,,,20.0,,47.3,,,,,46.5,,,23.0
Davis,Davis,,15/02/2026,50,Freestyle,Heat,False,False,50 m Freestyle,50,,,,,,,,,,,,,,,,,,,,,26.38,,,,,,,,,,,,,,,,57.7,,,,,53.6,,,,,,,,,,,,,
Davies,Davies,,15/02/2026,50,Backstroke,Heat,False,False,50 m Backstroke,50,,,,,,,,,,,,,,,,,,,,,27.19,,,,,,,,,,,,,,,,56.1,,,,,52.3,,,,,,,,,,,,,
Evans,Evans,,15/02/2026,200,Breaststroke,Final,False,False,200 m Breaststroke,50,,,,,,,,,,,,,,,,,,,,,144.72,32.55,35.91,0.72,12.8,6.1,7.84,,3.47,0.61,10.45,9.4,6.23,13.92,3.96,7.04,37.1,2.3,1.42,,17.67,33.8,2.5,1.41,15.0,7.28,32.7,2.51,1.37,,18.18,35.1,2.31,1.35,17.0
Grieve,Grieve,,15/02/2026,200,Butterfly,Heat,False,False,200 m Butterfly,50,,,,,,,,,,,,,,,,,,,,,135.63,29.14,33.68,,,,,,,,,,,,,,54.7,,,,,52.9,,,21.0,,50.1,,,,,51.9,,,24.0
Grieve,Grieve,,15/02/2026,200,Butterfly,Final,False,False,200 m Butterfly,50,,,,,,,,,,,,,,,,,,,,,133.83,30.02,33.6,0.78,13.0,5.7,7.0,,3.28,0.68,9.58,9.0,5.32,12.86,3.59,6.42,52.5,1.78,1.56,,16.6,50.0,1.8,1.5,20.0,6.94,48.9,1.77,1.44,,17.08,51.0,1.72,1.46,23.0
Smith,Smith,,15/02/2026,200,Breaststroke,Heat,False,False,200 m Breaststroke,50,,,,,,,,,,,,,,,,,,,,,139.43,31.89,35.79,,,,,,,,,,,,,,30.6,,,,,30.6,,,12.0,,29.4,,,,,28.4,,,14.0
Davis,Davis,,15/02/2026,50,Freestyle,Final,False,False,50 m Freestyle,50,,,,,,,,,,,,,,,,,,,,,25.81,6.6,5.36,0.7,12.6,5.34,6.6,,,,,,,,2.57,,,,,,5.36,54.8,2.05,1.87,,,,,,,,,,,
McGill,McGill,,15/02/2026,400,Freestyle,Final,False,False,400 m Freestyle,50,,,,,,,,,,,,,,,,,,,,,271.95,31.3,33.5,,,,,,,,,,,,,,,,,,,,,,,,,,,,,,,,
Grieve,Grieve,,14/02/2026,50,Butterfly,Heat,False,False,50 m Butterfly,50,,,,,,,,,,,,,,,,,,,,,27.37,,,,,,,,,,,,,,,,62.5,,,,,64.2,,,,,,,,,,,,,
McGill,McGill,,14/02/2026,200,Backstroke,Heat,False,False,200 m Backstroke,50,,,,,,,,,,,,,,,,,,,,,138.78,32.32,33.85,,,,,,,,,,,,,,44.7,,,,,42.7,,,35.0,,41.6,,,,,41.2,,,39.0
Davis,Davis,,14/02/2026,100,Freestyle,Final,False,False,100 m Freestyle,50,,,,,,,,,,,,,,,,,,,,,55.22,26.63,28.59,0.72,12.9,5.52,6.74,,3.07,1.39,7.81,7.8,3.63,10.88,2.98,5.62,51.0,2.09,1.78,,14.27,49.3,2.18,1.79,33.0,5.92,49.1,2.07,1.69,,14.86,47.3,2.13,1.68,40.0
Evans,Evans,,14/02/2026,100,Breaststroke,Heat,False,False,100 m Breaststroke,50,,,,,,,,,,,,,,,,,,,,,67.32,32.7,34.62,,,,,,,,,,,,,,32.8,,,,,32.0,,,15.0,,40.5,,,,,42.6,,,20.0
Davies,Davies,,14/02/2026,200,Backstroke,Heat,False,False,200 m Backstroke,50,,,,,,,,,,,,,,,,,,,,,128.03,29.65,32.83,,,,,,,,,,,,,,41.9,,,,,37.9,,,29.0,,34.2,,,,,35.4,,,30.0
Smith,Smith,,14/02/2026,400,IM,Final,False,False,400 m IM,50,,,,,,,,,,,,,,,,,,,,,263.86,27.68,31.89,0.72,12.7,5.14,6.48,,3.2,0.68,9.1,8.3,4.9,12.3,2.84,21.2,48.1,2.08,1.67,18.0,,,,,,22.79,46.6,1.98,1.54,21.0,,,,,
McGill,McGill,,14/02/2026,200,Backstroke,Final,False,False,200 m Backstroke,50,,,,,,,,,,,,,,,,,,,,,135.3,32.47,34.31,0.66,11.7,6.1,8.32,,3.67,1.53,9.13,7.4,3.77,12.8,3.44,6.76,41.8,2.12,1.48,,17.39,40.0,2.19,1.46,34.0,7.04,38.4,2.22,1.42,,18.14,37.7,2.21,1.39,37.0
Annis,Annis,,14/02/2026,800,Freestyle,Final,False,False,800 m Freestyle,50,,,,,,,,,,,,,,,,,,,,,496.96,58.83,63.1,,,,,,,,,,,,,,36.0,,,25.0,,,,,,,31.7,,,29.0,,,,,
Davies,Davies,,14/02/2026,200,Backstroke,Final,False,False,200 m Backstroke,50,,,,,,,,,,,,,,,,,,,,,126.53,29.36,32.24,0.62,13.3,5.96,6.88,,3.32,1.5,8.0,11.4,5.7,11.32,3.15,6.28,,,1.59,,16.2,,,1.55,,6.74,,,1.48,,17.5,,,1.43,
Davis,Davis,,14/02/2026,100,Freestyle,Heat,False,False,100 m Freestyle,50,,,,,,,,,,,,,,,,,,,,,56.23,27.16,29.07,,,,,,,,,,,,,,48.8,,,,,47.8,,,33.0,,48.4,,,,,46.8,,,39.0
Grieve,Grieve,,14/02/2026,50,Butterfly,Final,False,False,50 m Butterfly,50,,,,,,,,,,,,,,,,,,,,,26.93,6.5,5.78,0.72,13.5,5.64,6.5,,,,,,,,2.73,,,,,,5.78,65.3,1.59,1.73,,,,,,,,,,,
Evans,Evans,,14/02/2026,100,Breaststroke,Final,False,False,100 m Breaststroke,50,,,,,,,,,,,,,,,,,,,,,66.06,31.32,34.74,0.72,12.5,5.92,7.84,,3.28,0.58,9.88,8.8,5.6,13.16,3.42,6.5,41.0,2.25,1.54,,16.98,41.6,2.11,1.46,17.0,6.94,41.2,2.1,1.44,,17.92,44.3,1.87,1.38,21.0
Evans,Evans,,13/02/2026,50,Breaststroke,Final,False,False,50 m Breaststroke,50,,,,,,,,,,,,,,,,,,,,,30.81,7.72,6.4,0.7,11.0,4.96,7.72,,,,,,,,3.17,,48.4,,,,6.4,50.2,1.86,1.56,,,,,,,,,,,
McNair,McNair,,13/02/2026,200,IM,Final,False,False,200 m IM,50,,,,,,,,,,,,,,,,,,,,,136.82,29.17,34.12,0.78,13.2,5.94,7.14,,3.09,0.77,9.87,9.2,5.89,12.96,2.94,6.16,52.9,1.84,1.62,,15.87,53.3,1.76,1.56,20.0,6.86,39.4,2.22,1.46,,17.39,38.2,2.25,1.43,36.0
McGill,McGill,,13/02/2026,100,Backstroke,Final,False,False,100 m Backstroke,50,,,,,,,,,,,,,,,,,,,,,63.52,31.08,32.44,0.64,12.3,6.32,8.14,,3.48,1.2,8.76,9.1,4.68,12.24,3.2,6.42,45.6,2.05,1.56,,16.52,45.1,2.04,1.53,36.0,6.62,44.6,2.03,1.51,,17.06,44.2,1.95,1.44,41.0
Grieve,Grieve,,13/02/2026,100,Butterfly,Heat,False,False,100 m Butterfly,50,,,,,,,,,,,,,,,,,,,,,59.43,28.17,31.26,,,,,,,,,,,,,,58.8,,,,,59.6,,,22.0,,57.3,,,,,58.7,,,25.0
Evans,Evans,,13/02/2026,50,Breaststroke,Heat,False,False,50 m Breaststroke,50,,,,,,,,,,,,,,,,,,,,,30.8,7.52,6.56,0.66,12.1,5.56,7.52,,,,,,,,3.22,,48.4,,,,6.56,47.1,1.94,1.52,,,,,,,,,,,
Davies,Davies,,13/02/2026,100,Backstroke,Heat,False,False,100 m Backstroke,50,,,,,,,,,,,,,,,,,,,,,57.98,27.95,30.03,,,,,,,,,,,,,,46.7,,,,,44.1,,,31.0,,43.0,,,,,42.4,,,32.0
McGill,McGill,,13/02/2026,100,Backstroke,Heat,False,False,100 m Backstroke,50,,,,,,,,,,,,,,,,,,,,,64.18,31.72,32.46,,,,,,,,,,,,,,44.8,,,,,43.8,,,35.0,,44.2,,,,,43.3,,,41.0
McNair,McNair,,13/02/2026,200,IM,Heat,False,False,200 m IM,50,,,,,,,,,,,,,,,,,,,,,141.2,29.07,35.47,,,,,,,,,,,,,,55.8,,,,,51.8,,,20.0,,38.9,,,,,38.3,,,38.0
Annis,Annis,,13/02/2026,100,Backstroke,Heat,False,False,100 m Backstroke,50,,,,,,,,,,,,,,,,,,,,,56.12,27.38,28.74,,,,,,,,,,,,,,48.7,,,,,45.9,,,32.0,,46.2,,,,,44.3,,,34.0
Grieve,Grieve,,13/02/2026,100,Butterfly,Final,False,False,100 m Butterfly,50,,,,,,,,,,,,,,,,,,,,,58.63,27.55,31.08,0.72,13.9,6.0,6.52,,3.03,0.51,8.59,9.6,5.27,11.62,3.01,6.04,59.6,1.67,1.66,,14.99,60.2,1.66,1.67,21.0,6.2,59.8,1.62,1.61,,16.29,60.7,1.49,1.51,26.0
Annis,Annis,,13/02/2026,100,Backstroke,Final,False,False,100 m Backstroke,50,,,,,,,,,,,,,,,,,,,,,55.32,27.16,28.16,0.64,14.5,6.28,6.66,,3.2,1.6,7.22,13.5,6.3,10.42,2.82,5.62,48.0,2.22,1.78,,14.88,45.8,2.24,1.71,30.0,5.84,47.1,2.18,1.71,,15.1,47.2,2.07,1.63,34.0
Davis,Davis,,13/02/2026,200,Freestyle,Heat,False,False,200 m Freestyle,50,,,,,,,,,,,,,,,,,,,,,125.34,29.1,31.52,,,,,,,,,,,,,,42.5,,,,,39.9,,,31.0,,39.8,,,,,40.0,,,36.0
Davis,Davis,,13/02/2026,200,Freestyle,Final,False,False,200 m Freestyle,50,,,,,,,,,,,,,,,,,,,,,122.15,29.05,30.77,0.7,12.6,5.6,7.08,,3.45,1.13,8.53,6.5,2.99,11.98,3.11,6.1,44.6,2.21,1.64,,15.87,39.4,2.45,1.61,31.0,6.1,41.8,2.35,1.64,,16.14,41.0,2.31,1.58,37.0
Davies,Davies,,13/02/2026,100,Backstroke,Final,False,False,100 m Backstroke,50,,,,,,,,,,,,,,,,,,,,,57.95,27.95,30.0,0.6,13.2,5.86,6.86,,3.21,1.19,7.79,12.2,5.97,11.0,2.95,5.68,51.4,2.05,1.76,,15.41,48.9,2.01,1.64,35.0,6.14,45.2,2.16,1.63,,16.07,43.1,2.12,1.52,35.0
Davies,Davies,,01/02/2026,200,IM,B-Final,False,False,200 m IM,50,,,,,,,,,,,,,,,,,,,,,126.75,26.58,32.62,0.7,13.5,5.34,6.1,,3.02,0.78,8.68,13.08,7.34,11.7,2.77,5.74,51.4,2.03,1.74,,14.74,50.5,2.03,1.71,18.0,6.8,40.8,2.16,1.47,,17.14,40.1,2.17,1.45,33.0
Davies,Davies,,31/01/2026,100,Butterfly,Heat,False,False,100 m Butterfly,50,,,,,,,,,,,,,,,,,,,,,56.42,26.53,29.89,,,,,,,,,,,,,,52.1,,,,,50.4,,,18.0,,55.5,,,,,54.5,,,21.0
McNair,McNair,,30/01/2026,400,IM,Final,False,False,400 m IM,50,,,,,,,,,,,,,,,,,,,,,293.24,30.12,34.29,0.78,12.42,5.46,7.12,,3.36,0.9,9.86,8.58,5.36,13.22,3.18,23.0,48.3,1.9,1.53,20.0,,,,,,24.43,47.2,1.81,1.42,23.0,,,,,
McNair,McNair,,30/01/2026,100,Backstroke,Final,False,False,100 m Backstroke,50,,,,,,,,,,,,,,,,,,,,,64.04,31.29,32.75,0.65,12.83,6.4,7.84,,3.69,1.23,8.89,,4.73,12.58,3.06,6.42,48.0,1.95,1.56,,17.03,44.5,2.02,1.5,35.0,6.86,40.5,2.16,1.46,,17.0,40.0,2.14,1.43,37.0
